gene,dinucleotide,position,trxScore,energyScore
eYGR100W,--,0,0,0
eYGR100W,--,1,0,0
eYGR100W,-c,2,0,0
eYGR100W,ca,3,0,0
eYGR100W,at,4,0,0
eYGR100W,ta,5,0,0
eYGR100W,ag,6,0,0
eYGR100W,gt,7,0,0
eYGR100W,tt,8,0,0
eYGR100W,ta,9,0,0
eYGR100W,at,10,0,0
eYGR100W,tg,11,0,0
eYGR100W,gt,12,0,0
eYGR100W,ta,13,0,0
eYGR100W,at,14,0,0
eYGR100W,ta,15,0,0
eYGR100W,ac,16,0,0
eYGR100W,cc,17,0,0
eYGR100W,ca,18,0,0
eYGR100W,aa,19,0,0
eYGR100W,at,20,0,0
eYGR100W,t-,21,0,0
eYGR100W,-c,22,0,0
eYGR100W,ct,23,0,0
eYGR100W,tt,24,0,0
eYGR100W,ta,25,0,0
eYGR100W,at,26,0,0
eYGR100W,tg,27,0,0
eYGR100W,gg,28,0,0
eYGR100W,gt,29,0,0
eYGR100W,ta,30,0,0
eYGR100W,ag,31,0,0
eYGR100W,ga,32,0,0
eYGR100W,at,33,0,0
eYGR100W,ta,34,0,0
eYGR100W,at,35,0,0
eYGR100W,tt,36,0,0
eYGR100W,tt,37,0,0
eYGR100W,tg,38,0,0
eYGR100W,gg,39,0,0
eYGR100W,ga,40,0,0
eYGR100W,at,41,0,0
eYGR100W,ta,42,0,0
eYGR100W,aa,43,0,0
eYGR100W,aa,44,0,0
eYGR100W,at,45,0,0
eYGR100W,tt,46,0,0
eYGR100W,tt,47,0,0
eYGR100W,ta,48,0,0
eYGR100W,ag,49,0,0
eYGR100W,gt,50,0,0
eYGR100W,ta,51,0,0
eYGR100W,ac,52,0,0
eYGR100W,ca,53,0,0
eYGR100W,at,54,0,0
eYGR100W,tt,55,0,0
eYGR100W,tt,56,0,0
eYGR100W,tt,57,0,0
eYGR100W,tt,58,0,0
eYGR100W,tt,59,0,0
eYGR100W,tc,60,0,0
eYGR100W,ct,61,0,0
eYGR100W,tg,62,0,0
eYGR100W,gt,63,0,0
eYGR100W,tg,64,0,0
eYGR100W,gc,65,0,0
eYGR100W,c-,66,0,0
eYGR100W,-g,67,0,0
eYGR100W,gt,68,0,0
eYGR100W,tt,69,0,0
eYGR100W,ta,70,0,0
eYGR100W,at,71,0,0
eYGR100W,tt,72,0,0
eYGR100W,ta,73,0,0
eYGR100W,ac,74,0,0
eYGR100W,ct,75,0,0
eYGR100W,ta,76,0,0
eYGR100W,at,77,0,0
eYGR100W,tt,78,0,0
eYGR100W,tt,79,0,0
eYGR100W,ta,80,0,0
eYGR100W,aa,81,0,0
eYGR100W,at,82,0,0
eYGR100W,tg,83,0,0
eYGR100W,gt,84,0,0
eYGR100W,tg,85,0,0
eYGR100W,gt,86,0,0
eYGR100W,ta,87,0,0
eYGR100W,ag,88,0,0
eYGR100W,gc,89,0,0
eYGR100W,ca,90,0,0
eYGR100W,at,91,0,0
eYGR100W,t-,92,0,0
eYGR100W,-g,93,0,0
eYGR100W,gt,94,0,0
eYGR100W,tt,95,0,0
eYGR100W,ta,96,0,0
eYGR100W,at,97,0,0
eYGR100W,tt,98,0,0
eYGR100W,tt,99,0,0
eYGR100W,tt,100,0,0
eYGR100W,ta,101,0,0
eYGR100W,ag,102,0,0
eYGR100W,ga,103,0,0
eYGR100W,at,104,0,0
eYGR100W,tg,105,0,0
eYGR100W,gg,106,0,0
eYGR100W,gt,107,0,0
eYGR100W,tc,108,0,0
eYGR100W,cg,109,0,0
eYGR100W,gg,110,0,0
eYGR100W,gc,111,0,0
eYGR100W,cc,112,0,0
eYGR100W,cg,113,0,0
eYGR100W,ga,114,0,0
eYGR100W,ac,115,0,0
eYGR100W,ct,116,0,0
eYGR100W,tc,117,0,0
eYGR100W,c-,118,0,0
eYGR100W,-t,119,0,0
eYGR100W,tg,120,0,0
eYGR100W,gc,121,0,0
eYGR100W,ca,122,0,0
eYGR100W,aa,123,0,0
eYGR100W,ac,124,0,0
eYGR100W,ct,125,0,0
eYGR100W,tg,126,0,0
eYGR100W,gg,127,0,0
eYGR100W,gg,128,0,0
eYGR100W,g-,129,0,0
eYGR100W,--,130,0,0
eYGR100W,--,131,0,0
eYGR100W,--,132,0,0
eYGR100W,--,133,0,0
eYGR100W,-a,134,0,0
eYGR100W,aa,135,0,0
eYGR100W,aa,136,0,0
eYGR100W,aa,137,0,0
eYGR100W,aa,138,0,0
eYGR100W,ag,139,0,0
eYGR100W,ga,140,0,0
eYGR100W,ag,141,0,0
eYGR100W,gc,142,0,0
eYGR100W,ct,143,0,0
eYGR100W,tt,144,0,0
eYGR100W,tc,145,0,0
eYGR100W,ca,146,0,0
eYGR100W,aa,147,0,0
eYGR100W,at,148,0,0
eYGR100W,ta,149,0,0
eYGR100W,aa,150,0,0
eYGR100W,ag,151,0,0
eYGR100W,ga,152,0,0
eYGR100W,aa,153,0,0
eYGR100W,aa,154,0,0
eYGR100W,a-,155,0,0
eYGR100W,-g,156,0,0
eYGR100W,gg,157,0,0
eYGR100W,gc,158,0,0
eYGR100W,cc,159,0,0
eYGR100W,cc,160,0,0
eYGR100W,ca,161,0,0
eYGR100W,aa,162,0,0
eYGR100W,aa,163,0,0
eYGR100W,ac,164,0,0
eYGR100W,ca,165,0,0
eYGR100W,aa,166,0,0
eYGR100W,aa,167,0,0
eYGR100W,at,168,0,0
eYGR100W,tc,169,0,0
eYGR100W,ct,170,0,0
eYGR100W,tg,171,0,0
eYGR100W,gt,172,0,0
eYGR100W,tt,173,0,0
eYGR100W,tt,174,0,0
eYGR100W,tg,175,0,0
eYGR100W,gg,176,0,0
eYGR100W,g-,177,0,0
eYGR100W,-a,178,0,0
eYGR100W,aa,179,0,0
eYGR100W,aa,180,0,0
eYGR100W,ag,181,0,0
eYGR100W,gg,182,0,0
eYGR100W,gc,183,0,0
eYGR100W,cc,184,0,0
eYGR100W,ct,185,0,0
eYGR100W,tc,186,0,0
eYGR100W,cg,187,0,0
eYGR100W,gc,188,0,0
eYGR100W,ca,189,0,0
eYGR100W,ag,190,0,0
eYGR100W,gc,191,0,0
eYGR100W,ca,192,0,0
eYGR100W,at,193,0,0
eYGR100W,tt,194,0,0
eYGR100W,tt,195,0,0
eYGR100W,ta,196,0,0
eYGR100W,aa,197,0,0
eYGR100W,ag,198,0,0
eYGR100W,ga,199,0,0
eYGR100W,aa,200,0,0
eYGR100W,aa,201,0,0
eYGR100W,aa,202,0,0
eYGR100W,at,203,0,0
eYGR100W,tc,204,0,0
eYGR100W,cg,205,0,0
eYGR100W,gt,206,0,0
eYGR100W,tg,207,0,0
eYGR100W,gc,208,0,0
eYGR100W,ca,209,0,0
eYGR100W,at,210,0,0
eYGR100W,tt,211,0,0
eYGR100W,ta,212,0,0
eYGR100W,at,213,0,0
eYGR100W,tt,214,0,0
eYGR100W,ta,215,0,0
eYGR100W,aa,216,0,0
eYGR100W,ag,217,0,0
eYGR100W,gg,218,0,0
eYGR100W,gc,219,0,0
eYGR100W,ca,220,0,0
eYGR100W,ac,221,0,0
eYGR100W,ct,222,0,0
eYGR100W,tg,223,0,0
eYGR100W,gg,224,0,0
eYGR100W,gc,225,0,0
eYGR100W,cc,226,0,0
eYGR100W,cc,227,0,0
eYGR100W,c-,228,0,0
eYGR100W,-a,229,0,0
eYGR100W,ac,230,0,0
eYGR100W,cc,231,0,0
eYGR100W,ca,232,0,0
eYGR100W,aa,233,0,0
eYGR100W,at,234,0,0
eYGR100W,tt,235,0,0
eYGR100W,ta,236,0,0
eYGR100W,aa,237,0,0
eYGR100W,aa,238,0,0
eYGR100W,ag,239,0,0
eYGR100W,gc,240,0,0
eYGR100W,ca,241,0,0
eYGR100W,at,242,0,0
eYGR100W,tt,243,0,0
eYGR100W,tg,244,0,0
eYGR100W,ga,245,0,0
eYGR100W,aa,246,0,0
eYGR100W,aa,247,0,0
eYGR100W,aa,248,0,0
eYGR100W,ac,249,0,0
eYGR100W,ca,250,0,0
eYGR100W,ac,251,0,0
eYGR100W,cc,252,0,0
eYGR100W,ct,253,0,0
eYGR100W,tc,254,0,0
eYGR100W,ca,255,0,0
eYGR100W,aa,256,0,0
eYGR100W,aa,257,0,0
eYGR100W,ag,258,0,0
eYGR100W,gt,259,0,0
eYGR100W,tt,260,0,0
eYGR100W,tg,261,0,0
eYGR100W,ga,262,0,0
eYGR100W,aa,263,0,0
eYGR100W,aa,264,0,0
eYGR100W,ac,265,0,0
eYGR100W,cc,266,0,0
eYGR100W,ca,267,0,0
eYGR100W,at,268,0,0
eYGR100W,ta,269,0,0
eYGR100W,aa,270,0,0
eYGR100W,at,271,0,0
eYGR100W,ta,272,0,0
eYGR100W,aa,273,0,0
eYGR100W,ag,274,0,0
eYGR100W,gt,275,0,0
eYGR100W,tt,276,0,0
eYGR100W,ta,277,0,0
eYGR100W,aa,278,0,0
eYGR100W,aa,279,0,0
eYGR100W,ag,280,0,0
eYGR100W,gg,281,0,0
eYGR100W,ga,282,0,0
eYGR100W,at,283,0,0
eYGR100W,ta,284,0,0
eYGR100W,ag,285,0,0
eYGR100W,gg,286,0,0
eYGR100W,ga,287,0,0
eYGR100W,at,288,0,0
eYGR100W,tA,289,0,0
eYGR100W,AT,290,0,0
eYGR100W,TG,291,42,0
eYGR100W,GT,292,4,0
eYGR100W,TC,293,22,0
eYGR100W,CA,294,42,-20
eYGR100W,AT,295,0,0
eYGR100W,TT,296,5,0
eYGR100W,TT,297,5,0
eYGR100W,TT,298,5,0
eYGR100W,TT,299,5,0
eYGR100W,TT,300,5,0
eYGR100W,TG,301,42,0
eYGR100W,GA,302,22,-23.7
eYGR100W,AT,303,0,0
eYGR100W,TT,304,5,0
eYGR100W,TC,305,22,0
eYGR100W,CC,306,42,-21.4
eYGR100W,CT,307,9,0
eYGR100W,TT,308,5,0
eYGR100W,TA,309,14,0
eYGR100W,AC,310,4,-19
eYGR100W,CG,311,43,-26.9
eYGR100W,GC,312,25,-22.9
eYGR100W,CC,313,42,-21.4
eYGR100W,CA,314,42,-20
eYGR100W,AA,315,5,-18.5
eYGR100W,AA,316,5,-18.5
eYGR100W,AA,317,5,-18.5
eYGR100W,AG,318,9,-23.6
eYGR100W,GG,319,42,-24.3
eYGR100W,GC,320,25,-22.9
eYGR100W,CA,321,42,-20
eYGR100W,AC,322,4,-19
eYGR100W,CC,323,42,-21.4
eYGR100W,CC,324,42,-21.4
eYGR100W,CT,325,9,0
eYGR100W,TT,326,5,0
eYGR100W,TC,327,22,0
eYGR100W,CT,328,9,0
eYGR100W,TT,329,5,0
eYGR100W,TG,330,42,0
eYGR100W,GG,331,42,-24.3
eYGR100W,GA,332,22,-23.7
eYGR100W,AC,333,4,-19
eYGR100W,CA,334,42,-20
eYGR100W,AA,335,5,-18.5
eYGR100W,AG,336,9,-23.6
eYGR100W,GT,337,4,0
eYGR100W,TT,338,5,0
eYGR100W,TA,339,14,0
eYGR100W,AG,340,9,-23.6
eYGR100W,GC,341,25,-22.9
eYGR100W,CA,342,42,-20
eYGR100W,AG,343,9,-23.6
eYGR100W,GA,344,22,-23.7
eYGR100W,AC,345,4,-19
eYGR100W,CA,346,42,-20
eYGR100W,AG,347,9,-23.6
eYGR100W,GT,348,4,0
eYGR100W,TT,349,5,0
eYGR100W,TT,350,5,0
eYGR100W,TC,351,22,0
eYGR100W,CA,352,42,-20
eYGR100W,AC,353,4,-19
eYGR100W,CT,354,9,0
eYGR100W,TC,355,22,0
eYGR100W,CC,356,42,-21.4
eYGR100W,CG,357,43,-26.9
eYGR100W,GA,358,22,-23.7
eYGR100W,AC,359,4,-19
eYGR100W,CA,360,42,-20
eYGR100W,AT,361,0,0
eYGR100W,TT,362,5,0
eYGR100W,TG,363,42,0
eYGR100W,GA,364,22,-23.7
eYGR100W,AC,365,4,-19
eYGR100W,CC,366,42,-21.4
eYGR100W,CA,367,42,-20
eYGR100W,AG,368,9,-23.6
eYGR100W,GA,369,22,-23.7
eYGR100W,AG,370,9,-23.6
eYGR100W,GA,371,22,-23.7
eYGR100W,AT,372,0,0
eYGR100W,TG,373,42,0
eYGR100W,GA,374,22,-23.7
eYGR100W,AG,375,9,-23.6
eYGR100W,GA,376,22,-23.7
eYGR100W,AA,377,5,-18.5
eYGR100W,AA,378,5,-18.5
eYGR100W,AT,379,0,0
eYGR100W,TT,380,5,0
eYGR100W,TC,381,22,0
eYGR100W,CA,382,42,-20
eYGR100W,AG,383,9,-23.6
eYGR100W,GA,384,22,-23.7
eYGR100W,AT,385,0,0
eYGR100W,TT,386,5,0
eYGR100W,TG,387,42,0
eYGR100W,GA,388,22,-23.7
eYGR100W,AA,389,5,-18.5
eYGR100W,AG,390,9,-23.6
eYGR100W,GT,391,4,0
eYGR100W,TA,392,14,0
eYGR100W,AT,393,0,0
eYGR100W,TA,394,14,0
eYGR100W,AA,395,5,-18.5
eYGR100W,AA,396,5,-18.5
eYGR100W,AC,397,4,-19
eYGR100W,CT,398,9,0
eYGR100W,TT,399,5,0
eYGR100W,TC,400,22,0
eYGR100W,CC,401,42,-21.4
eYGR100W,CA,402,42,-20
eYGR100W,AG,403,9,-23.6
eYGR100W,GC,404,25,-22.9
eYGR100W,CC,405,42,-21.4
eYGR100W,CA,406,42,-20
eYGR100W,AG,407,9,-23.6
eYGR100W,GT,408,4,0
eYGR100W,TG,409,42,0
eYGR100W,GA,410,22,-23.7
eYGR100W,AA,411,5,-18.5
eYGR100W,AA,412,5,-18.5
eYGR100W,AA,413,5,-18.5
eYGR100W,AC,414,4,-19
eYGR100W,CA,415,42,-20
eYGR100W,AT,416,0,0
eYGR100W,TT,417,5,0
eYGR100W,TT,418,5,0
eYGR100W,TT,419,5,0
eYGR100W,TG,420,42,0
eYGR100W,GG,421,42,-24.3
eYGR100W,GA,422,22,-23.7
eYGR100W,AA,423,5,-18.5
eYGR100W,AG,424,9,-23.6
eYGR100W,GA,425,22,-23.7
eYGR100W,AT,426,0,0
eYGR100W,TA,427,14,0
eYGR100W,AC,428,4,-19
eYGR100W,CA,429,42,-20
eYGR100W,AA,430,5,-18.5
eYGR100W,AA,431,5,-18.5
eYGR100W,AT,432,0,0
eYGR100W,TG,433,42,0
eYGR100W,GC,434,25,-22.9
eYGR100W,CA,435,42,-20
eYGR100W,AG,436,9,-23.6
eYGR100W,GA,437,22,-23.7
eYGR100W,AA,438,5,-18.5
eYGR100W,AG,439,9,-23.6
eYGR100W,GT,440,4,0
eYGR100W,TT,441,5,0
eYGR100W,TT,442,5,0
eYGR100W,TC,443,22,0
eYGR100W,CA,444,42,-20
eYGR100W,AT,445,0,0
eYGR100W,TT,446,5,0
eYGR100W,TT,447,5,0
eYGR100W,TG,448,42,0
eYGR100W,GC,449,25,-22.9
eYGR100W,CA,450,42,-20
eYGR100W,AA,451,5,-18.5
eYGR100W,AC,452,4,-19
eYGR100W,CT,453,9,0
eYGR100W,TT,454,5,0
eYGR100W,TC,455,22,0
eYGR100W,CC,456,42,-21.4
eYGR100W,CA,457,42,-20
eYGR100W,AT,458,0,0
eYGR100W,TC,459,22,0
eYGR100W,CA,460,42,-20
eYGR100W,AA,461,5,-18.5
eYGR100W,AA,462,5,-18.5
eYGR100W,AG,463,9,-23.6
eYGR100W,GA,464,22,-23.7
eYGR100W,AT,465,0,0
eYGR100W,TG,466,42,0
eYGR100W,GG,467,42,-24.3
eYGR100W,GA,468,22,-23.7
eYGR100W,AA,469,5,-18.5
eYGR100W,AA,470,5,-18.5
eYGR100W,AA,471,5,-18.5
eYGR100W,AG,472,9,-23.6
eYGR100W,GG,473,42,-24.3
eYGR100W,GG,474,42,-24.3
eYGR100W,GC,475,25,-22.9
eYGR100W,CA,476,42,-20
eYGR100W,AT,477,0,0
eYGR100W,TT,478,5,0
eYGR100W,TT,479,5,0
eYGR100W,TT,480,5,0
eYGR100W,TA,481,14,0
eYGR100W,AA,482,5,-18.5
eYGR100W,AT,483,0,0
eYGR100W,TA,484,14,0
eYGR100W,AG,485,9,-23.6
eYGR100W,GG,486,42,-24.3
eYGR100W,GG,487,42,-24.3
eYGR100W,GT,488,4,0
eYGR100W,TG,489,42,0
eYGR100W,GA,490,22,-23.7
eYGR100W,AA,491,5,-18.5
eYGR100W,AC,492,4,-19
eYGR100W,CA,493,42,-20
eYGR100W,AG,494,9,-23.6
eYGR100W,GT,495,4,0
eYGR100W,TA,496,14,0
eYGR100W,AA,497,5,-18.5
eYGR100W,AA,498,5,-18.5
eYGR100W,AG,499,9,-23.6
eYGR100W,GG,500,42,-24.3
eYGR100W,GG,501,42,-24.3
eYGR100W,GA,502,22,-23.7
eYGR100W,AG,503,9,-23.6
eYGR100W,GA,504,22,-23.7
eYGR100W,AA,505,5,-18.5
eYGR100W,AA,506,5,-18.5
eYGR100W,AA,507,5,-18.5
eYGR100W,AA,508,5,-18.5
eYGR100W,AC,509,4,-19
eYGR100W,CT,510,9,0
eYGR100W,TG,511,42,0
eYGR100W,GC,512,25,-22.9
eYGR100W,CT,513,9,0
eYGR100W,TT,514,5,0
eYGR100W,TA,515,14,0
eYGR100W,AT,516,0,0
eYGR100W,TG,517,42,0
eYGR100W,GT,518,4,0
eYGR100W,TA,519,14,0
eYGR100W,AT,520,0,0
eYGR100W,TA,521,14,0
eYGR100W,AT,522,0,0
eYGR100W,TT,523,5,0
eYGR100W,TC,524,22,0
eYGR100W,CT,525,9,0
eYGR100W,TG,526,42,0
eYGR100W,GG,527,42,-24.3
eYGR100W,GG,528,42,-24.3
eYGR100W,GC,529,25,-22.9
eYGR100W,CG,530,43,-26.9
eYGR100W,GA,531,22,-23.7
eYGR100W,AT,532,0,0
eYGR100W,TT,533,5,0
eYGR100W,TG,534,42,0
eYGR100W,GT,535,4,0
eYGR100W,TT,536,5,0
eYGR100W,TT,537,5,0
eYGR100W,TT,538,5,0
eYGR100W,TT,539,5,0
eYGR100W,TA,540,14,0
eYGR100W,AA,541,5,-18.5
eYGR100W,AC,542,4,-19
eYGR100W,CA,543,42,-20
eYGR100W,AC,544,4,-19
eYGR100W,CC,545,42,-21.4
eYGR100W,CT,546,9,0
eYGR100W,TC,547,22,0
eYGR100W,CA,548,42,-20
eYGR100W,AC,549,4,-19
eYGR100W,CT,550,9,0
eYGR100W,TT,551,5,0
eYGR100W,TT,552,5,0
eYGR100W,TC,553,22,0
eYGR100W,CT,554,9,0
eYGR100W,TG,555,42,0
eYGR100W,GG,556,42,-24.3
eYGR100W,GT,557,4,0
eYGR100W,TA,558,14,0
eYGR100W,AT,559,0,0
eYGR100W,TT,560,5,0
eYGR100W,TT,561,5,0
eYGR100W,TC,562,22,0
eYGR100W,CG,563,43,-26.9
eYGR100W,GG,564,42,-24.3
eYGR100W,GG,565,42,-24.3
eYGR100W,GA,566,22,-23.7
eYGR100W,AC,567,4,-19
eYGR100W,CG,568,43,-26.9
eYGR100W,GC,569,25,-22.9
eYGR100W,CA,570,42,-20
eYGR100W,AT,571,0,0
eYGR100W,TT,572,5,0
eYGR100W,TC,573,22,0
eYGR100W,CG,574,43,-26.9
eYGR100W,GA,575,22,-23.7
eYGR100W,AT,576,0,0
eYGR100W,TC,577,22,0
eYGR100W,CA,578,42,-20
eYGR100W,AT,579,0,0
eYGR100W,TT,580,5,0
eYGR100W,TC,581,22,0
eYGR100W,CC,582,42,-21.4
eYGR100W,CT,583,9,0
eYGR100W,TC,584,22,0
eYGR100W,CG,585,43,-26.9
eYGR100W,GT,586,4,0
eYGR100W,TG,587,42,0
eYGR100W,GC,588,25,-22.9
eYGR100W,CA,589,42,-20
eYGR100W,AT,590,0,0
eYGR100W,TA,591,14,0
eYGR100W,AC,592,4,-19
eYGR100W,CT,593,9,0
eYGR100W,TA,594,14,0
eYGR100W,AA,595,5,-18.5
eYGR100W,AT,596,0,0
eYGR100W,TA,597,14,0
eYGR100W,AA,598,5,-18.5
eYGR100W,AT,599,0,0
eYGR100W,TG,600,42,0
eYGR100W,GA,601,22,-23.7
eYGR100W,AA,602,5,-18.5
eYGR100W,AT,603,0,0
eYGR100W,TA,604,14,0
eYGR100W,AT,605,0,0
eYGR100W,TC,606,22,0
eYGR100W,CT,607,9,0
eYGR100W,TC,608,22,0
eYGR100W,CC,609,42,-21.4
eYGR100W,CA,610,42,-20
eYGR100W,AC,611,4,-19
eYGR100W,CT,612,9,0
eYGR100W,TA,613,14,0
eYGR100W,AT,614,0,0
eYGR100W,TT,615,5,0
eYGR100W,TA,616,14,0
eYGR100W,AA,617,5,-18.5
eYGR100W,AA,618,5,-18.5
eYGR100W,AC,619,4,-19
eYGR100W,CG,620,43,-26.9
eYGR100W,GT,621,4,0
eYGR100W,TG,622,42,0
eYGR100W,GT,623,4,0
eYGR100W,TA,624,14,0
eYGR100W,AG,625,9,-23.6
eYGR100W,GA,626,22,-23.7
eYGR100W,AA,627,5,-18.5
eYGR100W,AA,628,5,-18.5
eYGR100W,AG,629,9,-23.6
eYGR100W,GA,630,22,-23.7
eYGR100W,AT,631,0,0
eYGR100W,TC,632,22,0
eYGR100W,CG,633,43,-26.9
eYGR100W,GC,634,25,-22.9
eYGR100W,CC,635,42,-21.4
eYGR100W,CA,636,42,-20
eYGR100W,AT,637,0,0
eYGR100W,TC,638,22,0
eYGR100W,CC,639,42,-21.4
eYGR100W,CG,640,43,-26.9
eYGR100W,GA,641,22,-23.7
eYGR100W,AA,642,5,-18.5
eYGR100W,AT,643,0,0
eYGR100W,TC,644,22,0
eYGR100W,CG,645,43,-26.9
eYGR100W,GT,646,4,0
eYGR100W,TA,647,14,0
eYGR100W,AT,648,0,0
eYGR100W,TG,649,42,0
eYGR100W,GA,650,22,-23.7
eYGR100W,AG,651,9,-23.6
eYGR100W,GT,652,4,0
eYGR100W,TT,653,5,0
eYGR100W,TT,654,5,0
eYGR100W,TG,655,42,0
eYGR100W,GC,656,25,-22.9
eYGR100W,CT,657,9,0
eYGR100W,TC,658,22,0
eYGR100W,CT,659,9,0
eYGR100W,TT,660,5,0
eYGR100W,TT,661,5,0
eYGR100W,TT,662,5,0
eYGR100W,TA,663,14,0
eYGR100W,AG,664,9,-23.6
eYGR100W,GT,665,4,0
eYGR100W,TG,666,42,0
eYGR100W,GA,667,22,-23.7
eYGR100W,AC,668,4,-19
eYGR100W,CT,669,9,0
eYGR100W,TT,670,5,0
eYGR100W,TT,671,5,0
eYGR100W,TA,672,14,0
eYGR100W,AT,673,0,0
eYGR100W,TA,674,14,0
eYGR100W,AC,675,4,-19
eYGR100W,CA,676,42,-20
eYGR100W,AC,677,4,-19
eYGR100W,CA,678,42,-20
eYGR100W,AG,679,9,-23.6
eYGR100W,GG,680,42,-24.3
eYGR100W,GA,681,22,-23.7
eYGR100W,AG,682,9,-23.6
eYGR100W,GC,683,25,-22.9
eYGR100W,CG,684,43,-26.9
eYGR100W,GA,685,22,-23.7
eYGR100W,AA,686,5,-18.5
eYGR100W,AG,687,9,-23.6
eYGR100W,GG,688,42,-24.3
eYGR100W,GT,689,4,0
eYGR100W,TT,690,5,0
eYGR100W,TC,691,22,0
eYGR100W,CT,692,9,0
eYGR100W,TA,693,14,0
eYGR100W,AA,694,5,-18.5
eYGR100W,AT,695,0,0
eYGR100W,TT,696,5,0
eYGR100W,TC,697,22,0
eYGR100W,CA,698,42,-20
eYGR100W,AA,699,5,-18.5
eYGR100W,AT,700,0,0
eYGR100W,TT,701,5,0
eYGR100W,TT,702,5,0
eYGR100W,TA,703,14,0
eYGR100W,AT,704,0,0
eYGR100W,TC,705,22,0
eYGR100W,CG,706,43,-26.9
eYGR100W,GG,707,42,-24.3
eYGR100W,GT,708,4,0
eYGR100W,TA,709,14,0
eYGR100W,AT,710,0,0
eYGR100W,TA,711,14,0
eYGR100W,AC,712,4,-19
eYGR100W,CG,713,43,-26.9
eYGR100W,GT,714,4,0
eYGR100W,TT,715,5,0
eYGR100W,TA,716,14,0
eYGR100W,AT,717,0,0
eYGR100W,TA,718,14,0
eYGR100W,AG,719,9,-23.6
eYGR100W,GG,720,42,-24.3
eYGR100W,GT,721,4,0
eYGR100W,TC,722,22,0
eYGR100W,CG,723,43,-26.9
eYGR100W,GG,724,42,-24.3
eYGR100W,GA,725,22,-23.7
eYGR100W,AG,726,9,-23.6
eYGR100W,GC,727,25,-22.9
eYGR100W,CA,728,42,-20
eYGR100W,AA,729,5,-18.5
eYGR100W,AT,730,0,0
eYGR100W,TT,731,5,0
eYGR100W,TC,732,22,0
eYGR100W,CT,733,9,0
eYGR100W,TG,734,42,0
eYGR100W,GT,735,4,0
eYGR100W,TG,736,42,0
eYGR100W,GA,737,22,-23.7
eYGR100W,AC,738,4,-19
eYGR100W,CA,739,42,-20
eYGR100W,AA,740,5,-18.5
eYGR100W,AA,741,5,-18.5
eYGR100W,AT,742,0,0
eYGR100W,TT,743,5,0
eYGR100W,TG,744,42,0
eYGR100W,GA,745,22,-23.7
eYGR100W,AA,746,5,-18.5
eYGR100W,AA,747,5,-18.5
eYGR100W,AC,748,4,-19
eYGR100W,CT,749,9,0
eYGR100W,TA,750,14,0
eYGR100W,AA,751,5,-18.5
eYGR100W,AA,752,5,-18.5
eYGR100W,AT,753,0,0
eYGR100W,TC,754,22,0
eYGR100W,CT,755,9,0
eYGR100W,TG,756,42,0
eYGR100W,GA,757,22,-23.7
eYGR100W,AG,758,9,-23.6
eYGR100W,GG,759,42,-24.3
eYGR100W,GG,760,42,-24.3
eYGR100W,GA,761,22,-23.7
eYGR100W,AA,762,5,-18.5
eYGR100W,AA,763,5,-18.5
eYGR100W,AA,764,5,-18.5
eYGR100W,AT,765,0,0
eYGR100W,TA,766,14,0
eYGR100W,AT,767,0,0
eYGR100W,TC,768,22,0
eYGR100W,CC,769,42,-21.4
eYGR100W,CC,770,42,-21.4
eYGR100W,CT,771,9,0
eYGR100W,TA,772,14,0
eYGR100W,AA,773,5,-18.5
eYGR100W,AT,774,0,0
eYGR100W,TG,775,42,0
eYGR100W,GC,776,25,-22.9
eYGR100W,CC,777,42,-21.4
eYGR100W,CA,778,42,-20
eYGR100W,AA,779,5,-18.5
eYGR100W,AA,780,5,-18.5
eYGR100W,AA,781,5,-18.5
eYGR100W,AA,782,5,-18.5
eYGR100W,AC,783,4,-19
eYGR100W,CT,784,9,0
eYGR100W,TT,785,5,0
eYGR100W,TA,786,14,0
eYGR100W,AC,787,4,-19
eYGR100W,CC,788,42,-21.4
eYGR100W,CT,789,9,0
eYGR100W,TG,790,42,0
eYGR100W,GT,791,4,0
eYGR100W,TT,792,5,0
eYGR100W,TT,793,5,0
eYGR100W,TT,794,5,0
eYGR100W,TT,795,5,0
eYGR100W,TC,796,22,0
eYGR100W,CT,797,9,0
eYGR100W,TA,798,14,0
eYGR100W,AG,799,9,-23.6
eYGR100W,GA,800,22,-23.7
eYGR100W,AA,801,5,-18.5
eYGR100W,AA,802,5,-18.5
eYGR100W,AC,803,4,-19
eYGR100W,CT,804,9,0
eYGR100W,TT,805,5,0
eYGR100W,TC,806,22,0
eYGR100W,CA,807,42,-20
eYGR100W,AT,808,0,0
eYGR100W,TA,809,14,0
eYGR100W,AT,810,0,0
eYGR100W,TT,811,5,0
eYGR100W,TC,812,22,0
eYGR100W,CG,813,43,-26.9
eYGR100W,GG,814,42,-24.3
eYGR100W,GA,815,22,-23.7
eYGR100W,AA,816,5,-18.5
eYGR100W,AT,817,0,0
eYGR100W,TT,818,5,0
eYGR100W,TT,819,5,0
eYGR100W,TT,820,5,0
eYGR100W,TT,821,5,0
eYGR100W,TA,822,14,0
eYGR100W,AA,823,5,-18.5
eYGR100W,AT,824,0,0
eYGR100W,TT,825,5,0
eYGR100W,TG,826,42,0
eYGR100W,GC,827,25,-22.9
eYGR100W,CT,828,9,0
eYGR100W,TA,829,14,0
eYGR100W,AA,830,5,-18.5
eYGR100W,AA,831,5,-18.5
eYGR100W,AA,832,5,-18.5
eYGR100W,AA,833,5,-18.5
eYGR100W,AT,834,0,0
eYGR100W,TA,835,14,0
eYGR100W,AT,836,0,0
eYGR100W,TT,837,5,0
eYGR100W,TC,838,22,0
eYGR100W,CT,839,9,0
eYGR100W,TA,840,14,0
eYGR100W,AG,841,9,-23.6
eYGR100W,GG,842,42,-24.3
eYGR100W,GT,843,4,0
eYGR100W,TA,844,14,0
eYGR100W,AA,845,5,-18.5
eYGR100W,AA,846,5,-18.5
eYGR100W,AA,847,5,-18.5
eYGR100W,AA,848,5,-18.5
eYGR100W,AG,849,9,-23.6
eYGR100W,GG,850,42,-24.3
eYGR100W,GA,851,22,-23.7
eYGR100W,AT,852,0,0
eYGR100W,TA,853,14,0
eYGR100W,AT,854,0,0
eYGR100W,TA,855,14,0
eYGR100W,AA,856,5,-18.5
eYGR100W,AC,857,4,-19
eYGR100W,CT,858,9,0
eYGR100W,TG,859,42,0
eYGR100W,GT,860,4,0
eYGR100W,TA,861,14,0
eYGR100W,AC,862,4,-19
eYGR100W,CC,863,42,-21.4
eYGR100W,CC,864,42,-21.4
eYGR100W,CA,865,42,-20
eYGR100W,AG,866,9,-23.6
eYGR100W,GG,867,42,-24.3
eYGR100W,GG,868,42,-24.3
eYGR100W,GC,869,25,-22.9
eYGR100W,CA,870,42,-20
eYGR100W,AG,871,9,-23.6
eYGR100W,GG,872,42,-24.3
eYGR100W,GT,873,4,0
eYGR100W,TC,874,22,0
eYGR100W,CT,875,9,0
eYGR100W,TT,876,5,0
eYGR100W,TG,877,42,0
eYGR100W,GG,878,42,-24.3
eYGR100W,GT,879,4,0
eYGR100W,TC,880,22,0
eYGR100W,CA,881,42,-20
eYGR100W,AG,882,9,-23.6
eYGR100W,GC,883,25,-22.9
eYGR100W,CA,884,42,-20
eYGR100W,AT,885,0,0
eYGR100W,TT,886,5,0
eYGR100W,TT,887,5,0
eYGR100W,TT,888,5,0
eYGR100W,TA,889,14,0
eYGR100W,AA,890,5,-18.5
eYGR100W,AA,891,5,-18.5
eYGR100W,AT,892,0,0
eYGR100W,TA,893,14,0
eYGR100W,AT,894,0,0
eYGR100W,TC,895,22,0
eYGR100W,CC,896,42,-21.4
eYGR100W,CG,897,43,-26.9
eYGR100W,GG,898,42,-24.3
eYGR100W,GG,899,42,-24.3
eYGR100W,GA,900,22,-23.7
eYGR100W,AA,901,5,-18.5
eYGR100W,AA,902,5,-18.5
eYGR100W,AT,903,0,0
eYGR100W,TC,904,22,0
eYGR100W,CC,905,42,-21.4
eYGR100W,CT,906,9,0
eYGR100W,TA,907,14,0
eYGR100W,AC,908,4,-19
eYGR100W,CT,909,9,0
eYGR100W,TA,910,14,0
eYGR100W,AT,911,0,0
eYGR100W,TG,912,42,0
eYGR100W,GG,913,42,-24.3
eYGR100W,GC,914,25,-22.9
eYGR100W,CC,915,42,-21.4
eYGR100W,CA,916,42,-20
eYGR100W,AA,917,5,-18.5
eYGR100W,AG,918,9,-23.6
eYGR100W,GG,919,42,-24.3
eYGR100W,GA,920,22,-23.7
eYGR100W,AA,921,5,-18.5
eYGR100W,AA,922,5,-18.5
eYGR100W,AA,923,5,-18.5
eYGR100W,AA,924,5,-18.5
eYGR100W,AG,925,9,-23.6
eYGR100W,GC,926,25,-22.9
eYGR100W,CT,927,9,0
eYGR100W,TA,928,14,0
eYGR100W,AA,929,5,-18.5
eYGR100W,AG,930,9,-23.6
eYGR100W,GT,931,4,0
eYGR100W,TT,932,5,0
eYGR100W,TG,933,42,0
eYGR100W,GA,934,22,-23.7
eYGR100W,AG,935,9,-23.6
eYGR100W,GA,936,22,-23.7
eYGR100W,AT,937,0,0
eYGR100W,TT,938,5,0
eYGR100W,TG,939,42,0
eYGR100W,GT,940,4,0
eYGR100W,TG,941,42,0
eYGR100W,GG,942,42,-24.3
eYGR100W,GT,943,4,0
eYGR100W,TT,944,5,0
eYGR100W,TT,945,5,0
eYGR100W,TG,946,42,0
eYGR100W,GA,947,22,-23.7
eYGR100W,AT,948,0,0
eYGR100W,TT,949,5,0
eYGR100W,TA,950,14,0
eYGR100W,AC,951,4,-19
eYGR100W,CT,952,9,0
eYGR100W,TT,953,5,0
eYGR100W,TT,954,5,0
eYGR100W,TA,955,14,0
eYGR100W,AG,956,9,-23.6
eYGR100W,GA,957,22,-23.7
eYGR100W,AG,958,9,-23.6
eYGR100W,GA,959,22,-23.7
eYGR100W,AG,960,9,-23.6
eYGR100W,GA,961,22,-23.7
eYGR100W,AA,962,5,-18.5
eYGR100W,AT,963,0,0
eYGR100W,TG,964,42,0
eYGR100W,GG,965,42,-24.3
eYGR100W,GA,966,22,-23.7
eYGR100W,AA,967,5,-18.5
eYGR100W,AG,968,9,-23.6
eYGR100W,GG,969,42,-24.3
eYGR100W,GA,970,22,-23.7
eYGR100W,AA,971,5,-18.5
eYGR100W,AT,972,0,0
eYGR100W,TT,973,5,0
eYGR100W,TT,974,5,0
eYGR100W,TG,975,42,0
eYGR100W,GG,976,42,-24.3
eYGR100W,GC,977,25,-22.9
eYGR100W,CT,978,9,0
eYGR100W,TG,979,42,0
eYGR100W,GT,980,4,0
eYGR100W,TC,981,22,0
eYGR100W,CG,982,43,-26.9
eYGR100W,GT,983,4,0
eYGR100W,TA,984,14,0
eYGR100W,AC,985,4,-19
eYGR100W,CA,986,42,-20
eYGR100W,AA,987,5,-18.5
eYGR100W,AA,988,5,-18.5
eYGR100W,AC,989,4,-19
eYGR100W,CT,990,9,0
eYGR100W,TC,991,22,0
eYGR100W,CC,992,42,-21.4
eYGR100W,CT,993,9,0
eYGR100W,TA,994,14,0
eYGR100W,AT,995,0,0
eYGR100W,TG,996,42,0
eYGR100W,GT,997,4,0
eYGR100W,TT,998,5,0
eYGR100W,TC,999,22,0
eYGR100W,CC,1000,42,-21.4
eYGR100W,CG,1001,43,-26.9
eYGR100W,GA,1002,22,-23.7
eYGR100W,AA,1003,5,-18.5
eYGR100W,AA,1004,5,-18.5
eYGR100W,AG,1005,9,-23.6
eYGR100W,GC,1006,25,-22.9
eYGR100W,CT,1007,9,0
eYGR100W,TA,1008,14,0
eYGR100W,AG,1009,9,-23.6
eYGR100W,GT,1010,4,0
eYGR100W,TT,1011,5,0
eYGR100W,TC,1012,22,0
eYGR100W,CG,1013,43,-26.9
eYGR100W,GA,1014,22,-23.7
eYGR100W,AA,1015,5,-18.5
eYGR100W,AT,1016,0,0
eYGR100W,TT,1017,5,0
eYGR100W,TG,1018,42,0
eYGR100W,GG,1019,42,-24.3
eYGR100W,GT,1020,4,0
eYGR100W,TG,1021,42,0
eYGR100W,GT,1022,4,0
eYGR100W,TT,1023,5,0
eYGR100W,TC,1024,22,0
eYGR100W,CC,1025,42,-21.4
eYGR100W,CA,1026,42,-20
eYGR100W,AA,1027,5,-18.5
eYGR100W,AA,1028,5,-18.5
eYGR100W,AT,1029,0,0
eYGR100W,TC,1030,22,0
eYGR100W,CG,1031,43,-26.9
eYGR100W,GA,1032,22,-23.7
eYGR100W,AA,1033,5,-18.5
eYGR100W,AT,1034,0,0
eYGR100W,TG,1035,42,0
eYGR100W,GA,1036,22,-23.7
eYGR100W,AG,1037,9,-23.6
eYGR100W,GA,1038,22,-23.7
eYGR100W,AG,1039,9,-23.6
eYGR100W,GG,1040,42,-24.3
eYGR100W,GT,1041,4,0
eYGR100W,TG,1042,42,0
eYGR100W,GA,1043,22,-23.7
eYGR100W,AA,1044,5,-18.5
eYGR100W,AA,1045,5,-18.5
eYGR100W,AT,1046,0,0
eYGR100W,TT,1047,5,0
eYGR100W,TT,1048,5,0
eYGR100W,TG,1049,42,0
eYGR100W,GG,1050,42,-24.3
eYGR100W,GG,1051,42,-24.3
eYGR100W,GA,1052,22,-23.7
eYGR100W,AA,1053,5,-18.5
eYGR100W,AC,1054,4,-19
eYGR100W,CT,1055,9,0
eYGR100W,TA,1056,14,0
eYGR100W,AT,1057,0,0
eYGR100W,TG,1058,42,0
eYGR100W,GT,1059,4,0
eYGR100W,TT,1060,5,0
eYGR100W,TC,1061,22,0
eYGR100W,CG,1062,43,-26.9
eYGR100W,GG,1063,42,-24.3
eYGR100W,GG,1064,42,-24.3
eYGR100W,GT,1065,4,0
eYGR100W,TG,1066,42,0
eYGR100W,GC,1067,25,-22.9
eYGR100W,CA,1068,42,-20
eYGR100W,AA,1069,5,-18.5
eYGR100W,AT,1070,0,0
eYGR100W,TG,1071,42,0
eYGR100W,GT,1072,4,0
eYGR100W,TA,1073,14,0
eYGR100W,AT,1074,0,0
eYGR100W,TA,1075,14,0
eYGR100W,AT,1076,0,0
eYGR100W,TA,1077,14,0
eYGR100W,AC,1078,4,-19
eYGR100W,CG,1079,43,-26.9
eYGR100W,GT,1080,4,0
eYGR100W,TT,1081,5,0
eYGR100W,TA,1082,14,0
eYGR100W,AC,1083,4,-19
eYGR100W,CG,1084,43,-26.9
eYGR100W,GC,1085,25,-22.9
eYGR100W,CA,1086,42,-20
eYGR100W,AT,1087,0,0
eYGR100W,TA,1088,14,0
eYGR100W,AT,1089,0,0
eYGR100W,TT,1090,5,0
eYGR100W,TC,1091,22,0
eYGR100W,CC,1092,42,-21.4
eYGR100W,CG,1093,43,-26.9
eYGR100W,GG,1094,42,-24.3
eYGR100W,GG,1095,42,-24.3
eYGR100W,GG,1096,42,-24.3
eYGR100W,GA,1097,22,-23.7
eYGR100W,AA,1098,5,-18.5
eYGR100W,AT,1099,0,0
eYGR100W,TA,1100,14,0
eYGR100W,AT,1101,0,0
eYGR100W,TG,1102,42,0
eYGR100W,GA,1103,22,-23.7
eYGR100W,AA,1104,5,-18.5
eYGR100W,AA,1105,5,-18.5
eYGR100W,AG,1106,9,-23.6
eYGR100W,GG,1107,42,-24.3
eYGR100W,GA,1108,22,-23.7
eYGR100W,AT,1109,0,0
eYGR100W,TA,1110,14,0
eYGR100W,AC,1111,4,-19
eYGR100W,CT,1112,9,0
eYGR100W,TA,1113,14,0
eYGR100W,AA,1114,5,-18.5
eYGR100W,AA,1115,5,-18.5
eYGR100W,AC,1116,4,-19
eYGR100W,CG,1117,43,-26.9
eYGR100W,GA,1118,22,-23.7
eYGR100W,AT,1119,0,0
eYGR100W,TA,1120,14,0
eYGR100W,AA,1121,5,-18.5
eYGR100W,AT,1122,0,0
eYGR100W,TG,1123,42,0
eYGR100W,GC,1124,25,-22.9
eYGR100W,CT,1125,9,0
eYGR100W,TG,1126,42,0
eYGR100W,GC,1127,25,-22.9
eYGR100W,CT,1128,9,0
eYGR100W,TA,1129,14,0
eYGR100W,AA,1130,5,-18.5
eYGR100W,AA,1131,5,-18.5
eYGR100W,AA,1132,5,-18.5
eYGR100W,AC,1133,4,-19
eYGR100W,CA,1134,42,-20
eYGR100W,AT,1135,0,0
eYGR100W,TC,1136,22,0
eYGR100W,CA,1137,42,-20
eYGR100W,AC,1138,4,-19
eYGR100W,CA,1139,42,-20
eYGR100W,AA,1140,5,-18.5
eYGR100W,AG,1141,9,-23.6
eYGR100W,GC,1142,25,-22.9
eYGR100W,CT,1143,9,0
eYGR100W,TA,1144,14,0
eYGR100W,AT,1145,0,0
eYGR100W,TC,1146,22,0
eYGR100W,CG,1147,43,-26.9
eYGR100W,GA,1148,22,-23.7
eYGR100W,AT,1149,0,0
eYGR100W,TG,1150,42,0
eYGR100W,GA,1151,22,-23.7
eYGR100W,AA,1152,5,-18.5
eYGR100W,AA,1153,5,-18.5
eYGR100W,AT,1154,0,0
eYGR100W,TC,1155,22,0
eYGR100W,CG,1156,43,-26.9
eYGR100W,GA,1157,22,-23.7
eYGR100W,AG,1158,9,-23.6
eYGR100W,GA,1159,22,-23.7
eYGR100W,AA,1160,5,-18.5
eYGR100W,AG,1161,9,-23.6
eYGR100W,GG,1162,42,-24.3
eYGR100W,GA,1163,22,-23.7
eYGR100W,AT,1164,0,0
eYGR100W,TT,1165,5,0
eYGR100W,TT,1166,5,0
eYGR100W,TA,1167,14,0
eYGR100W,AA,1168,5,-18.5
eYGR100W,AA,1169,5,-18.5
eYGR100W,AG,1170,9,-23.6
eYGR100W,GA,1171,22,-23.7
eYGR100W,AG,1172,9,-23.6
eYGR100W,GG,1173,42,-24.3
eYGR100W,GT,1174,4,0
eYGR100W,TC,1175,22,0
eYGR100W,CA,1176,42,-20
eYGR100W,AC,1177,4,-19
eYGR100W,CT,1178,9,0
eYGR100W,TG,1179,42,0
eYGR100W,GC,1180,25,-22.9
eYGR100W,CC,1181,42,-21.4
eYGR100W,CC,1182,42,-21.4
eYGR100W,CG,1183,43,-26.9
eYGR100W,GA,1184,22,-23.7
eYGR100W,AA,1185,5,-18.5
eYGR100W,AT,1186,0,0
eYGR100W,TA,1187,14,0
eYGR100W,AT,1188,0,0
eYGR100W,TT,1189,5,0
eYGR100W,TC,1190,22,0
eYGR100W,CA,1191,42,-20
eYGR100W,AG,1192,9,-23.6
eYGR100W,GC,1193,25,-22.9
eYGR100W,CG,1194,43,-26.9
eYGR100W,GT,1195,4,0
eYGR100W,TA,1196,14,0
eYGR100W,AT,1197,0,0
eYGR100W,TC,1198,22,0
eYGR100W,CA,1199,42,-20
eYGR100W,AA,1200,5,-18.5
eYGR100W,AA,1201,5,-18.5
eYGR100W,AC,1202,4,-19
eYGR100W,CT,1203,9,0
eYGR100W,TG,1204,42,0
eYGR100W,GA,1205,22,-23.7
eYGR100W,AA,1206,5,-18.5
eYGR100W,AG,1207,9,-23.6
eYGR100W,GA,1208,22,-23.7
eYGR100W,AA,1209,5,-18.5
eYGR100W,AG,1210,9,-23.6
eYGR100W,GG,1211,42,-24.3
eYGR100W,GT,1212,4,0
eYGR100W,TA,1213,14,0
eYGR100W,AT,1214,0,0
eYGR100W,TT,1215,5,0
eYGR100W,TC,1216,22,0
eYGR100W,CA,1217,42,-20
eYGR100W,AA,1218,5,-18.5
eYGR100W,AA,1219,5,-18.5
eYGR100W,AG,1220,9,-23.6
eYGR100W,GG,1221,42,-24.3
eYGR100W,GT,1222,4,0
eYGR100W,TT,1223,5,0
eYGR100W,TG,1224,42,0
eYGR100W,GA,1225,22,-23.7
eYGR100W,AG,1226,9,-23.6
eYGR100W,GA,1227,22,-23.7
eYGR100W,AA,1228,5,-18.5
eYGR100W,AA,1229,5,-18.5
eYGR100W,AT,1230,0,0
eYGR100W,TG,1231,42,0
eYGR100W,GT,1232,4,0
eYGR100W,TT,1233,5,0
eYGR100W,TT,1234,5,0
eYGR100W,TT,1235,5,0
eYGR100W,TA,1236,14,0
eYGR100W,AA,1237,5,-18.5
eYGR100W,AC,1238,4,-19
eYGR100W,CA,1239,42,-20
eYGR100W,AG,1240,9,-23.6
eYGR100W,GC,1241,25,-22.9
eYGR100W,CC,1242,42,-21.4
eYGR100W,CT,1243,9,0
eYGR100W,TA,1244,14,0
eYGR100W,AT,1245,0,0
eYGR100W,TT,1246,5,0
eYGR100W,TC,1247,22,0
eYGR100W,CC,1248,42,-21.4
eYGR100W,CT,1249,9,0
eYGR100W,TG,1250,42,0
eYGR100W,GG,1251,42,-24.3
eYGR100W,GA,1252,22,-23.7
eYGR100W,AA,1253,5,-18.5
eYGR100W,AG,1254,9,-23.6
eYGR100W,GA,1255,22,-23.7
eYGR100W,AA,1256,5,-18.5
eYGR100W,AT,1257,0,0
eYGR100W,TC,1258,22,0
eYGR100W,CC,1259,42,-21.4
eYGR100W,CT,1260,9,0
eYGR100W,TG,1261,42,0
eYGR100W,GA,1262,22,-23.7
eYGR100W,AT,1263,0,0
eYGR100W,TG,1264,42,0
eYGR100W,GT,1265,4,0
eYGR100W,TC,1266,22,0
eYGR100W,CG,1267,43,-26.9
eYGR100W,GG,1268,42,-24.3
eYGR100W,GA,1269,22,-23.7
eYGR100W,AT,1270,0,0
eYGR100W,TA,1271,14,0
eYGR100W,AT,1272,0,0
eYGR100W,TT,1273,5,0
eYGR100W,TG,1274,42,0
eYGR100W,GT,1275,4,0
eYGR100W,TC,1276,22,0
eYGR100W,CA,1277,42,-20
eYGR100W,AG,1278,9,-23.6
eYGR100W,GG,1279,42,-24.3
eYGR100W,GC,1280,25,-22.9
eYGR100W,CC,1281,42,-21.4
eYGR100W,CA,1282,42,-20
eYGR100W,AT,1283,0,0
eYGR100W,TG,1284,42,0
eYGR100W,GA,1285,22,-23.7
eYGR100W,AA,1286,5,-18.5
eYGR100W,AT,1287,0,0
eYGR100W,TA,1288,14,0
eYGR100W,AT,1289,0,0
eYGR100W,TA,1290,14,0
eYGR100W,AG,1291,9,-23.6
eYGR100W,GT,1292,4,0
eYGR100W,TT,1293,5,0
eYGR100W,TG,1294,42,0
eYGR100W,GT,1295,4,0
eYGR100W,TC,1296,22,0
eYGR100W,CG,1297,43,-26.9
eYGR100W,GC,1298,25,-22.9
eYGR100W,CA,1299,42,-20
eYGR100W,AG,1300,9,-23.6
eYGR100W,GG,1301,42,-24.3
eYGR100W,GA,1302,22,-23.7
eYGR100W,AT,1303,0,0
eYGR100W,TT,1304,5,0
eYGR100W,TT,1305,5,0
eYGR100W,TT,1306,5,0
eYGR100W,TT,1307,5,0
eYGR100W,TA,1308,14,0
eYGR100W,AA,1309,5,-18.5
eYGR100W,AT,1310,0,0
eYGR100W,TC,1311,22,0
eYGR100W,CT,1312,9,0
eYGR100W,TT,1313,5,0
eYGR100W,TC,1314,22,0
eYGR100W,CA,1315,42,-20
eYGR100W,AT,1316,0,0
eYGR100W,TG,1317,42,0
eYGR100W,GT,1318,4,0
eYGR100W,TC,1319,22,0
eYGR100W,CT,1320,9,0
eYGR100W,TG,1321,42,0
eYGR100W,GA,1322,22,-23.7
eYGR100W,AA,1323,5,-18.5
eYGR100W,AG,1324,9,-23.6
eYGR100W,GA,1325,22,-23.7
eYGR100W,AA,1326,5,-18.5
eYGR100W,AC,1327,4,-19
eYGR100W,CA,1328,42,-20
eYGR100W,AG,1329,9,-23.6
eYGR100W,GG,1330,42,-24.3
eYGR100W,GC,1331,25,-22.9
eYGR100W,CT,1332,9,0
eYGR100W,TT,1333,5,0
eYGR100W,TT,1334,5,0
eYGR100W,TT,1335,5,0
eYGR100W,TT,1336,5,0
eYGR100W,TG,1337,42,0
eYGR100W,GG,1338,42,-24.3
eYGR100W,GT,1339,4,0
eYGR100W,TG,1340,42,0
eYGR100W,GC,1341,25,-22.9
eYGR100W,CT,1342,9,0
eYGR100W,TT,1343,5,0
eYGR100W,TA,1344,14,0
eYGR100W,AT,1345,0,0
eYGR100W,TG,1346,42,0
eYGR100W,GT,1347,4,0
eYGR100W,TA,1348,14,0
eYGR100W,AA,1349,5,-18.5
eYGR100W,AC,1350,4,-19
eYGR100W,CC,1351,42,-21.4
eYGR100W,CT,1352,9,0
eYGR100W,TA,1353,14,0
eYGR100W,AT,1354,0,0
eYGR100W,TG,1355,42,0
eYGR100W,GT,1356,4,0
eYGR100W,TG,1357,42,0
eYGR100W,GA,1358,22,-23.7
eYGR100W,AC,1359,4,-19
eYGR100W,CA,1360,42,-20
eYGR100W,AT,1361,0,0
eYGR100W,TC,1362,22,0
eYGR100W,CT,1363,9,0
eYGR100W,TA,1364,14,0
eYGR100W,AC,1365,4,-19
eYGR100W,CG,1366,43,-26.9
eYGR100W,GT,1367,4,0
eYGR100W,TT,1368,5,0
eYGR100W,TC,1369,22,0
eYGR100W,CC,1370,42,-21.4
eYGR100W,CA,1371,42,-20
eYGR100W,AG,1372,9,-23.6
eYGR100W,GG,1373,42,-24.3
eYGR100W,GT,1374,4,0
eYGR100W,TT,1375,5,0
eYGR100W,TA,1376,14,0
eYGR100W,AT,1377,0,0
eYGR100W,TT,1378,5,0
eYGR100W,TA,1379,14,0
eYGR100W,AC,1380,4,-19
eYGR100W,CT,1381,9,0
eYGR100W,TC,1382,22,0
eYGR100W,CG,1383,43,-26.9
eYGR100W,GA,1384,22,-23.7
eYGR100W,AA,1385,5,-18.5
eYGR100W,AG,1386,9,-23.6
eYGR100W,GA,1387,22,-23.7
eYGR100W,AC,1388,4,-19
eYGR100W,CA,1389,42,-20
eYGR100W,AA,1390,5,-18.5
eYGR100W,AT,1391,0,0
eYGR100W,TG,1392,42,0
eYGR100W,GT,1393,4,0
eYGR100W,TA,1394,14,0
eYGR100W,AC,1395,4,-19
eYGR100W,CG,1396,43,-26.9
eYGR100W,GG,1397,42,-24.3
eYGR100W,GT,1398,4,0
eYGR100W,TA,1399,14,0
eYGR100W,AC,1400,4,-19
eYGR100W,CA,1401,42,-20
eYGR100W,AT,1402,0,0
eYGR100W,TT,1403,5,0
eYGR100W,TG,1404,42,0
eYGR100W,GT,1405,4,0
eYGR100W,TT,1406,5,0
eYGR100W,TA,1407,14,0
eYGR100W,AG,1408,9,-23.6
eYGR100W,GA,1409,22,-23.7
eYGR100W,AC,1410,4,-19
eYGR100W,CC,1411,42,-21.4
eYGR100W,CA,1412,42,-20
eYGR100W,AA,1413,5,-18.5
eYGR100W,AA,1414,5,-18.5
eYGR100W,AG,1415,9,-23.6
eYGR100W,GA,1416,22,-23.7
eYGR100W,AG,1417,9,-23.6
eYGR100W,GT,1418,4,0
eYGR100W,TG,1419,42,0
eYGR100W,GT,1420,4,0
eYGR100W,TT,1421,5,0
eYGR100W,TT,1422,5,0
eYGR100W,TG,1423,42,0
eYGR100W,GA,1424,22,-23.7
eYGR100W,AG,1425,9,-23.6
eYGR100W,GT,1426,4,0
eYGR100W,TC,1427,22,0
eYGR100W,CC,1428,42,-21.4
eYGR100W,CT,1429,9,0
eYGR100W,TT,1430,5,0
eYGR100W,TT,1431,5,0
eYGR100W,TG,1432,42,0
eYGR100W,GT,1433,4,0
eYGR100W,TA,1434,14,0
eYGR100W,AG,1435,9,-23.6
eYGR100W,GA,1436,22,-23.7
eYGR100W,AG,1437,9,-23.6
eYGR100W,GG,1438,42,-24.3
eYGR100W,GA,1439,22,-23.7
eYGR100W,AC,1440,4,-19
eYGR100W,CC,1441,42,-21.4
eYGR100W,CG,1442,43,-26.9
eYGR100W,GA,1443,22,-23.7
eYGR100W,AA,1444,5,-18.5
eYGR100W,AT,1445,0,0
eYGR100W,TG,1446,42,0
eYGR100W,GC,1447,25,-22.9
eYGR100W,CC,1448,42,-21.4
eYGR100W,CA,1449,42,-20
eYGR100W,AG,1450,9,-23.6
eYGR100W,GT,1451,4,0
eYGR100W,TT,1452,5,0
eYGR100W,TC,1453,22,0
eYGR100W,CT,1454,9,0
eYGR100W,TC,1455,22,0
eYGR100W,CT,1456,9,0
eYGR100W,TG,1457,42,0
eYGR100W,GG,1458,42,-24.3
eYGR100W,GG,1459,42,-24.3
eYGR100W,GA,1460,22,-23.7
eYGR100W,AA,1461,5,-18.5
eYGR100W,AT,1462,0,0
eYGR100W,TA,1463,14,0
eYGR100W,AC,1464,4,-19
eYGR100W,CA,1465,42,-20
eYGR100W,AT,1466,0,0
eYGR100W,TT,1467,5,0
eYGR100W,TT,1468,5,0
eYGR100W,TT,1469,5,0
eYGR100W,TA,1470,14,0
eYGR100W,AC,1471,4,-19
eYGR100W,CA,1472,42,-20
eYGR100W,AG,1473,9,-23.6
eYGR100W,GC,1474,25,-22.9
eYGR100W,CA,1475,42,-20
eYGR100W,AT,1476,0,0
eYGR100W,TG,1477,42,0
eYGR100W,GA,1478,22,-23.7
eYGR100W,AT,1479,0,0
eYGR100W,TA,1480,14,0
eYGR100W,AT,1481,0,0
eYGR100W,TT,1482,5,0
eYGR100W,TC,1483,22,0
eYGR100W,CA,1484,42,-20
eYGR100W,AA,1485,5,-18.5
eYGR100W,AC,1486,4,-19
eYGR100W,CT,1487,9,0
eYGR100W,TA,1488,14,0
eYGR100W,AT,1489,0,0
eYGR100W,TC,1490,22,0
eYGR100W,CT,1491,9,0
eYGR100W,TG,1492,42,0
eYGR100W,GT,1493,4,0
eYGR100W,TG,1494,42,0
eYGR100W,GG,1495,42,-24.3
eYGR100W,GT,1496,4,0
eYGR100W,TG,1497,42,0
eYGR100W,GT,1498,4,0
eYGR100W,TC,1499,22,0
eYGR100W,CC,1500,42,-21.4
eYGR100W,CT,1501,9,0
eYGR100W,TT,1502,5,0
eYGR100W,TG,1503,42,0
eYGR100W,GC,1504,25,-22.9
eYGR100W,CC,1505,42,-21.4
eYGR100W,CA,1506,42,-20
eYGR100W,AT,1507,0,0
eYGR100W,TG,1508,42,0
eYGR100W,GG,1509,42,-24.3
eYGR100W,GT,1510,4,0
eYGR100W,TT,1511,5,0
eYGR100W,TT,1512,5,0
eYGR100W,TT,1513,5,0
eYGR100W,TT,1514,5,0
eYGR100W,TG,1515,42,0
eYGR100W,GT,1516,4,0
eYGR100W,TC,1517,22,0
eYGR100W,CC,1518,42,-21.4
eYGR100W,CT,1519,9,0
eYGR100W,TT,1520,5,0
eYGR100W,TG,1521,42,0
eYGR100W,GT,1522,4,0
eYGR100W,TT,1523,5,0
eYGR100W,TT,1524,5,0
eYGR100W,TT,1525,5,0
eYGR100W,TT,1526,5,0
eYGR100W,TC,1527,22,0
eYGR100W,CA,1528,42,-20
eYGR100W,AC,1529,4,-19
eYGR100W,CT,1530,9,0
eYGR100W,TT,1531,5,0
eYGR100W,TC,1532,22,0
eYGR100W,CA,1533,42,-20
eYGR100W,AA,1534,5,-18.5
eYGR100W,AT,1535,0,0
eYGR100W,TG,1536,42,0
eYGR100W,GC,1537,25,-22.9
eYGR100W,CC,1538,42,-21.4
eYGR100W,CT,1539,9,0
eYGR100W,TT,1540,5,0
eYGR100W,TT,1541,5,0
eYGR100W,TA,1542,14,0
eYGR100W,AG,1543,9,-23.6
eYGR100W,GA,1544,22,-23.7
eYGR100W,AA,1545,5,-18.5
eYGR100W,AT,1546,0,0
eYGR100W,TA,1547,14,0
eYGR100W,AC,1548,4,-19
eYGR100W,CG,1549,43,-26.9
eYGR100W,GC,1550,25,-22.9
eYGR100W,CT,1551,9,0
eYGR100W,TG,1552,42,0
eYGR100W,GT,1553,4,0
eYGR100W,TT,1554,5,0
eYGR100W,TA,1555,14,0
eYGR100W,AG,1556,9,-23.6
eYGR100W,GA,1557,22,-23.7
eYGR100W,AA,1558,5,-18.5
eYGR100W,AT,1559,0,0
eYGR100W,TA,1560,14,0
eYGR100W,AA,1561,5,-18.5
eYGR100W,AT,1562,0,0
eYGR100W,TG,1563,42,0
eYGR100W,GG,1564,42,-24.3
eYGR100W,GA,1565,22,-23.7
eYGR100W,AT,1566,0,0
eYGR100W,TA,1567,14,0
eYGR100W,AT,1568,0,0
eYGR100W,TC,1569,22,0
eYGR100W,CT,1570,9,0
eYGR100W,TT,1571,5,0
eYGR100W,TT,1572,5,0
eYGR100W,TT,1573,5,0
eYGR100W,TT,1574,5,0
eYGR100W,TC,1575,22,0
eYGR100W,CA,1576,42,-20
eYGR100W,AT,1577,0,0
eYGR100W,TG,1578,42,0
eYGR100W,GA,1579,22,-23.7
eYGR100W,AA,1580,5,-18.5
eYGR100W,AC,1581,4,-19
eYGR100W,CG,1582,43,-26.9
eYGR100W,GG,1583,42,-24.3
eYGR100W,GA,1584,22,-23.7
eYGR100W,AT,1585,0,0
eYGR100W,TC,1586,22,0
eYGR100W,CC,1587,42,-21.4
eYGR100W,CA,1588,42,-20
eYGR100W,AT,1589,0,0
eYGR100W,TT,1590,5,0
eYGR100W,TA,1591,14,0
eYGR100W,AC,1592,4,-19
eYGR100W,CA,1593,42,-20
eYGR100W,AT,1594,0,0
eYGR100W,TT,1595,5,0
eYGR100W,TA,1596,14,0
eYGR100W,AT,1597,0,0
eYGR100W,TT,1598,5,0
eYGR100W,TT,1599,5,0
eYGR100W,TC,1600,22,0
eYGR100W,CA,1601,42,-20
eYGR100W,AA,1602,5,-18.5
eYGR100W,AG,1603,9,-23.6
eYGR100W,GT,1604,4,0
eYGR100W,TG,1605,42,0
eYGR100W,GG,1606,42,-24.3
eYGR100W,GC,1607,25,-22.9
eYGR100W,CA,1608,42,-20
eYGR100W,AT,1609,0,0
eYGR100W,TT,1610,5,0
eYGR100W,TG,1611,42,0
eYGR100W,GG,1612,42,-24.3
eYGR100W,GC,1613,25,-22.9
eYGR100W,CA,1614,42,-20
eYGR100W,AG,1615,9,-23.6
eYGR100W,GT,1616,4,0
eYGR100W,TT,1617,5,0
eYGR100W,TC,1618,22,0
eYGR100W,CT,1619,9,0
eYGR100W,TG,1620,42,0
eYGR100W,GA,1621,22,-23.7
eYGR100W,AA,1622,5,-18.5
eYGR100W,AA,1623,5,-18.5
eYGR100W,AA,1624,5,-18.5
eYGR100W,AT,1625,0,0
eYGR100W,TA,1626,14,0
eYGR100W,AA,1627,5,-18.5
eYGR100W,AA,1628,5,-18.5
eYGR100W,AT,1629,0,0
eYGR100W,TG,1630,42,0
eYGR100W,GC,1631,25,-22.9
eYGR100W,CG,1632,43,-26.9
eYGR100W,GG,1633,42,-24.3
eYGR100W,GA,1634,22,-23.7
eYGR100W,AT,1635,0,0
eYGR100W,TG,1636,42,0
eYGR100W,GA,1637,22,-23.7
eYGR100W,AT,1638,0,0
eYGR100W,TA,1639,14,0
eYGR100W,AT,1640,0,0
eYGR100W,TC,1641,22,0
eYGR100W,CT,1642,9,0
eYGR100W,TT,1643,5,0
eYGR100W,TA,1644,14,0
eYGR100W,AC,1645,4,-19
eYGR100W,CA,1646,42,-20
eYGR100W,AA,1647,5,-18.5
eYGR100W,AG,1648,9,-23.6
eYGR100W,GC,1649,25,-22.9
eYGR100W,CG,1650,43,-26.9
eYGR100W,GG,1651,42,-24.3
eYGR100W,GA,1652,22,-23.7
eYGR100W,AT,1653,0,0
eYGR100W,TG,1654,42,0
eYGR100W,GA,1655,22,-23.7
eYGR100W,AT,1656,0,0
eYGR100W,TG,1657,42,0
eYGR100W,GA,1658,22,-23.7
eYGR100W,AT,1659,0,0
eYGR100W,TG,1660,42,0
eYGR100W,GG,1661,42,-24.3
eYGR100W,GA,1662,22,-23.7
eYGR100W,AA,1663,5,-18.5
eYGR100W,AT,1664,0,0
eYGR100W,TG,1665,42,0
eYGR100W,GT,1666,4,0
eYGR100W,TT,1667,5,0
eYGR100W,TT,1668,5,0
eYGR100W,TA,1669,14,0
eYGR100W,AT,1670,0,0
eYGR100W,TT,1671,5,0
eYGR100W,TG,1672,42,0
eYGR100W,GC,1673,25,-22.9
eYGR100W,CC,1674,42,-21.4
eYGR100W,CA,1675,42,-20
eYGR100W,AT,1676,0,0
eYGR100W,TC,1677,22,0
eYGR100W,CA,1678,42,-20
eYGR100W,AT,1679,0,0
eYGR100W,TT,1680,5,0
eYGR100W,TA,1681,14,0
eYGR100W,AA,1682,5,-18.5
eYGR100W,AG,1683,9,-23.6
eYGR100W,GC,1684,25,-22.9
eYGR100W,CA,1685,42,-20
eYGR100W,AC,1686,4,-19
eYGR100W,CT,1687,9,0
eYGR100W,TA,1688,14,0
eYGR100W,AT,1689,0,0
eYGR100W,TT,1690,5,0
eYGR100W,TT,1691,5,0
eYGR100W,TC,1692,22,0
eYGR100W,CC,1693,42,-21.4
eYGR100W,CA,1694,42,-20
eYGR100W,AA,1695,5,-18.5
eYGR100W,AA,1696,5,-18.5
eYGR100W,AC,1697,4,-19
eYGR100W,CT,1698,9,0
eYGR100W,TC,1699,22,0
eYGR100W,CT,1700,9,0
eYGR100W,TG,1701,42,0
eYGR100W,GG,1702,42,-24.3
eYGR100W,GG,1703,42,-24.3
eYGR100W,GA,1704,22,-23.7
eYGR100W,AC,1705,4,-19
eYGR100W,CA,1706,42,-20
eYGR100W,AA,1707,5,-18.5
eYGR100W,AA,1708,5,-18.5
eYGR100W,AG,1709,9,-23.6
eYGR100W,GT,1710,4,0
eYGR100W,TG,1711,42,0
eYGR100W,GC,1712,25,-22.9
eYGR100W,CC,1713,42,-21.4
eYGR100W,CC,1714,42,-21.4
eYGR100W,CA,1715,42,-20
eYGR100W,AC,1716,4,-19
eYGR100W,CC,1717,42,-21.4
eYGR100W,CC,1718,42,-21.4
eYGR100W,CA,1719,42,-20
eYGR100W,AG,1720,9,-23.6
eYGR100W,GA,1721,22,-23.7
eYGR100W,AT,1722,0,0
eYGR100W,TT,1723,5,0
eYGR100W,TC,1724,22,0
eYGR100W,CA,1725,42,-20
eYGR100W,AA,1726,5,-18.5
eYGR100W,AG,1727,9,-23.6
eYGR100W,GT,1728,4,0
eYGR100W,TG,1729,42,0
eYGR100W,GA,1730,22,-23.7
eYGR100W,AC,1731,4,-19
eYGR100W,CA,1732,42,-20
eYGR100W,AT,1733,0,0
eYGR100W,TA,1734,14,0
eYGR100W,AA,1735,5,-18.5
eYGR100W,AA,1736,5,-18.5
eYGR100W,AA,1737,5,-18.5
eYGR100W,AT,1738,0,0
eYGR100W,TA,1739,14,0
eYGR100W,AT,1740,0,0
eYGR100W,TA,1741,14,0
eYGR100W,AG,1742,9,-23.6
eYGR100W,GG,1743,42,-24.3
eYGR100W,GC,1744,25,-22.9
eYGR100W,CA,1745,42,-20
eYGR100W,AA,1746,5,-18.5
eYGR100W,AA,1747,5,-18.5
eYGR100W,AT,1748,0,0
eYGR100W,TC,1749,22,0
eYGR100W,CA,1750,42,-20
eYGR100W,AC,1751,4,-19
eYGR100W,CG,1752,43,-26.9
eYGR100W,GA,1753,22,-23.7
eYGR100W,AA,1754,5,-18.5
eYGR100W,AA,1755,5,-18.5
eYGR100W,AT,1756,0,0
eYGR100W,TT,1757,5,0
eYGR100W,TT,1758,5,0
eYGR100W,TC,1759,22,0
eYGR100W,CA,1760,42,-20
eYGR100W,AA,1761,5,-18.5
eYGR100W,AG,1762,9,-23.6
eYGR100W,GA,1763,22,-23.7
eYGR100W,AA,1764,5,-18.5
eYGR100W,AC,1765,4,-19
eYGR100W,CT,1766,9,0
eYGR100W,TG,1767,42,0
eYGR100W,GT,1768,4,0
eYGR100W,TT,1769,5,0
eYGR100W,TA,1770,14,0
eYGR100W,AG,1771,9,-23.6
eYGR100W,GT,1772,4,0
eYGR100W,TT,1773,5,0
eYGR100W,TA,1774,14,0
eYGR100W,AC,1775,4,-19
eYGR100W,CG,1776,43,-26.9
eYGR100W,GG,1777,42,-24.3
eYGR100W,GC,1778,25,-22.9
eYGR100W,CA,1779,42,-20
eYGR100W,AT,1780,0,0
eYGR100W,TT,1781,5,0
eYGR100W,TC,1782,22,0
eYGR100W,CA,1783,42,-20
eYGR100W,AA,1784,5,-18.5
eYGR100W,AA,1785,5,-18.5
eYGR100W,AG,1786,9,-23.6
eYGR100W,GA,1787,22,-23.7
eYGR100W,AG,1788,9,-23.6
eYGR100W,GT,1789,4,0
eYGR100W,TT,1790,5,0
eYGR100W,TT,1791,5,0
eYGR100W,TA,1792,14,0
eYGR100W,AG,1793,9,-23.6
eYGR100W,GT,1794,4,0
eYGR100W,TG,1795,42,0
eYGR100W,GT,1796,4,0
eYGR100W,TC,1797,22,0
eYGR100W,CA,1798,42,-20
eYGR100W,AT,1799,0,0
eYGR100W,TC,1800,22,0
eYGR100W,CA,1801,42,-20
eYGR100W,AC,1802,4,-19
eYGR100W,CT,1803,9,0
eYGR100W,TG,1804,42,0
eYGR100W,GA,1805,22,-23.7
eYGR100W,AA,1806,5,-18.5
eYGR100W,AG,1807,9,-23.6
eYGR100W,GA,1808,22,-23.7
eYGR100W,AA,1809,5,-18.5
eYGR100W,AA,1810,5,-18.5
eYGR100W,AT,1811,0,0
eYGR100W,TG,1812,42,0
eYGR100W,GG,1813,42,-24.3
eYGR100W,GT,1814,4,0
eYGR100W,TA,1815,14,0
eYGR100W,AA,1816,5,-18.5
eYGR100W,AT,1817,0,0
eYGR100W,TG,1818,42,0
eYGR100W,GC,1819,25,-22.9
eYGR100W,CA,1820,42,-20
eYGR100W,AT,1821,0,0
eYGR100W,TG,1822,42,0
eYGR100W,GC,1823,25,-22.9
eYGR100W,CG,1824,43,-26.9
eYGR100W,GA,1825,22,-23.7
eYGR100W,AG,1826,9,-23.6
eYGR100W,GA,1827,22,-23.7
eYGR100W,AC,1828,4,-19
eYGR100W,CA,1829,42,-20
eYGR100W,AC,1830,4,-19
eYGR100W,CA,1831,42,-20
eYGR100W,AA,1832,5,-18.5
eYGR100W,AA,1833,5,-18.5
eYGR100W,AT,1834,0,0
eYGR100W,TA,1835,14,0
eYGR100W,AT,1836,0,0
eYGR100W,TG,1837,42,0
eYGR100W,GA,1838,22,-23.7
eYGR100W,AG,1839,9,-23.6
eYGR100W,GA,1840,22,-23.7
eYGR100W,AA,1841,5,-18.5
eYGR100W,AG,1842,9,-23.6
eYGR100W,GG,1843,42,-24.3
eYGR100W,GG,1844,42,-24.3
eYGR100W,GT,1845,4,0
eYGR100W,TA,1846,14,0
eYGR100W,AT,1847,0,0
eYGR100W,TC,1848,22,0
eYGR100W,CT,1849,9,0
eYGR100W,TT,1850,5,0
eYGR100W,TT,1851,5,0
eYGR100W,TC,1852,22,0
eYGR100W,CA,1853,42,-20
eYGR100W,AA,1854,5,-18.5
eYGR100W,AA,1855,5,-18.5
eYGR100W,AA,1856,5,-18.5
eYGR100W,AT,1857,0,0
eYGR100W,TA,1858,14,0
eYGR100W,AT,1859,0,0
eYGR100W,TT,1860,5,0
eYGR100W,TG,1861,42,0
eYGR100W,GA,1862,22,-23.7
eYGR100W,AG,1863,9,-23.6
eYGR100W,GA,1864,22,-23.7
eYGR100W,AC,1865,4,-19
eYGR100W,CT,1866,9,0
eYGR100W,TT,1867,5,0
eYGR100W,TT,1868,5,0
eYGR100W,TC,1869,22,0
eYGR100W,CA,1870,42,-20
eYGR100W,AT,1871,0,0
eYGR100W,TG,1872,42,0
eYGR100W,GA,1873,22,-23.7
eYGR100W,AA,1874,5,-18.5
eYGR100W,AA,1875,5,-18.5
eYGR100W,AA,1876,5,-18.5
eYGR100W,AG,1877,9,-23.6
eYGR100W,GA,1878,22,-23.7
eYGR100W,AA,1879,5,-18.5
eYGR100W,AC,1880,4,-19
eYGR100W,CG,1881,43,-26.9
eYGR100W,GC,1882,25,-22.9
eYGR100W,CA,1883,42,-20
eYGR100W,AG,1884,9,-23.6
eYGR100W,GT,1885,4,0
eYGR100W,TT,1886,5,0
eYGR100W,TG,1887,42,0
eYGR100W,GC,1888,25,-22.9
eYGR100W,CG,1889,43,-26.9
eYGR100W,GC,1890,25,-22.9
eYGR100W,CC,1891,42,-21.4
eYGR100W,CA,1892,42,-20
eYGR100W,AT,1893,0,0
eYGR100W,TA,1894,14,0
eYGR100W,AT,1895,0,0
eYGR100W,TG,1896,42,0
eYGR100W,GC,1897,25,-22.9
eYGR100W,CC,1898,42,-21.4
eYGR100W,CA,1899,42,-20
eYGR100W,AA,1900,5,-18.5
eYGR100W,AA,1901,5,-18.5
eYGR100W,AA,1902,5,-18.5
eYGR100W,AA,1903,5,-18.5
eYGR100W,AC,1904,4,-19
eYGR100W,CT,1905,9,0
eYGR100W,TT,1906,5,0
eYGR100W,TT,1907,5,0
eYGR100W,TT,1908,5,0
eYGR100W,TA,1909,14,0
eYGR100W,AA,1910,5,-18.5
eYGR100W,AC,1911,4,-19
eYGR100W,CC,1912,42,-21.4
eYGR100W,CT,1913,9,0
eYGR100W,TG,1914,42,0
eYGR100W,GT,1915,4,0
eYGR100W,TC,1916,22,0
eYGR100W,CC,1917,42,-21.4
eYGR100W,CA,1918,42,-20
eYGR100W,AG,1919,9,-23.6
eYGR100W,GT,1920,4,0
eYGR100W,TG,1921,42,0
eYGR100W,GA,1922,22,-23.7
eYGR100W,AT,1923,0,0
eYGR100W,TA,1924,14,0
eYGR100W,AA,1925,5,-18.5
eYGR100W,AC,1926,4,-19
eYGR100W,CT,1927,9,0
eYGR100W,TT,1928,5,0
eYGR100W,TG,1929,42,0
eYGR100W,GT,1930,4,0
eYGR100W,TC,1931,22,0
eYGR100W,CC,1932,42,-21.4
eYGR100W,CA,1933,42,-20
eYGR100W,AA,1934,5,-18.5
eYGR100W,AC,1935,4,-19
eYGR100W,CA,1936,42,-20
eYGR100W,AT,1937,0,0
eYGR100W,TC,1938,22,0
eYGR100W,CT,1939,9,0
eYGR100W,TA,1940,14,0
eYGR100W,AT,1941,0,0
eYGR100W,TG,1942,42,0
eYGR100W,GA,1943,22,-23.7
eYGR100W,AC,1944,4,-19
eYGR100W,CA,1945,42,-20
eYGR100W,AT,1946,0,0
eYGR100W,TG,1947,42,0
eYGR100W,GT,1948,4,0
eYGR100W,TT,1949,5,0
eYGR100W,TT,1950,5,0
eYGR100W,TT,1951,5,0
eYGR100W,TA,1952,14,0
eYGR100W,AC,1953,4,-19
eYGR100W,CC,1954,42,-21.4
eYGR100W,CA,1955,42,-20
eYGR100W,AA,1956,5,-18.5
eYGR100W,AA,1957,5,-18.5
eYGR100W,AG,1958,9,-23.6
eYGR100W,GT,1959,4,0
eYGR100W,TA,1960,14,0
eYGR100W,AT,1961,0,0
eYGR100W,TA,1962,14,0
eYGR100W,AG,1963,9,-23.6
eYGR100W,GA,1964,22,-23.7
eYGR100W,AA,1965,5,-18.5
eYGR100W,AA,1966,5,-18.5
eYGR100W,AC,1967,4,-19
eYGR100W,CC,1968,42,-21.4
eYGR100W,CT,1969,9,0
eYGR100W,TA,1970,14,0
eYGR100W,AC,1971,4,-19
eYGR100W,CA,1972,42,-20
eYGR100W,AA,1973,5,-18.5
eYGR100W,AA,1974,5,-18.5
eYGR100W,AA,1975,5,-18.5
eYGR100W,AT,1976,0,0
eYGR100W,TT,1977,5,0
eYGR100W,TA,1978,14,0
eYGR100W,AG,1979,9,-23.6
eYGR100W,GC,1980,25,-22.9
eYGR100W,CA,1981,42,-20
eYGR100W,AT,1982,0,0
eYGR100W,TG,1983,42,0
eYGR100W,GG,1984,42,-24.3
eYGR100W,GG,1985,42,-24.3
eYGR100W,GA,1986,22,-23.7
eYGR100W,AA,1987,5,-18.5
eYGR100W,AC,1988,4,-19
eYGR100W,CC,1989,42,-21.4
eYGR100W,CG,1990,43,-26.9
eYGR100W,GG,1991,42,-24.3
eYGR100W,GA,1992,22,-23.7
eYGR100W,AT,1993,0,0
eYGR100W,TC,1994,22,0
eYGR100W,CA,1995,42,-20
eYGR100W,AT,1996,0,0
eYGR100W,TC,1997,22,0
eYGR100W,CT,1998,9,0
eYGR100W,TA,1999,14,0
eYGR100W,AA,2000,5,-18.5
eYGR100W,AT,2001,0,0
eYGR100W,TA,2002,14,0
eYGR100W,AT,2003,0,0
eYGR100W,TG,2004,42,0
eYGR100W,GG,2005,42,-24.3
eYGR100W,GG,2006,42,-24.3
eYGR100W,GC,2007,25,-22.9
eYGR100W,CT,2008,9,0
eYGR100W,TT,2009,5,0
eYGR100W,TT,2010,5,0
eYGR100W,TG,2011,42,0
eYGR100W,GA,2012,22,-23.7
eYGR100W,AA,2013,5,-18.5
eYGR100W,AA,2014,5,-18.5
eYGR100W,AT,2015,0,0
eYGR100W,TA,2016,14,0
eYGR100W,AT,2017,0,0
eYGR100W,TT,2018,5,0
eYGR100W,TC,2019,22,0
eYGR100W,CA,2020,42,-20
eYGR100W,AT,2021,0,0
eYGR100W,TT,2022,5,0
eYGR100W,TC,2023,22,0
eYGR100W,CA,2024,42,-20
eYGR100W,AG,2025,9,-23.6
eYGR100W,GT,2026,4,0
eYGR100W,TT,2027,5,0
eYGR100W,TT,2028,5,0
eYGR100W,TT,2029,5,0
eYGR100W,TT,2030,5,0
eYGR100W,TG,2031,42,0
eYGR100W,GA,2032,22,-23.7
eYGR100W,AG,2033,9,-23.6
eYGR100W,GT,2034,4,0
eYGR100W,TA,2035,14,0
eYGR100W,AA,2036,5,-18.5
eYGR100W,AG,2037,9,-23.6
eYGR100W,GT,2038,4,0
eYGR100W,TT,2039,5,0
eYGR100W,TT,2040,5,0
eYGR100W,TT,2041,5,0
eYGR100W,TG,2042,42,0
eYGR100W,GT,2043,4,0
eYGR100W,TG,2044,42,0
eYGR100W,GA,2045,22,-23.7
eYGR100W,AT,2046,0,0
eYGR100W,TT,2047,5,0
eYGR100W,TC,2048,22,0
eYGR100W,CG,2049,43,-26.9
eYGR100W,GT,2050,4,0
eYGR100W,TG,2051,42,0
eYGR100W,GC,2052,25,-22.9
eYGR100W,CA,2053,42,-20
eYGR100W,AG,2054,9,-23.6
eYGR100W,GA,2055,22,-23.7
eYGR100W,AC,2056,4,-19
eYGR100W,CC,2057,42,-21.4
eYGR100W,CG,2058,43,-26.9
eYGR100W,GT,2059,4,0
eYGR100W,TG,2060,42,0
eYGR100W,GT,2061,4,0
eYGR100W,TG,2062,42,0
eYGR100W,GA,2063,22,-23.7
eYGR100W,AA,2064,5,-18.5
eYGR100W,AA,2065,5,-18.5
eYGR100W,AA,2066,5,-18.5
eYGR100W,AA,2067,5,-18.5
eYGR100W,AG,2068,9,-23.6
eYGR100W,GA,2069,22,-23.7
eYGR100W,AC,2070,4,-19
eYGR100W,CA,2071,42,-20
eYGR100W,AG,2072,9,-23.6
eYGR100W,GA,2073,22,-23.7
eYGR100W,AG,2074,9,-23.6
eYGR100W,GA,2075,22,-23.7
eYGR100W,AC,2076,4,-19
eYGR100W,CC,2077,42,-21.4
eYGR100W,CC,2078,42,-21.4
eYGR100W,CA,2079,42,-20
eYGR100W,AG,2080,9,-23.6
eYGR100W,GC,2081,25,-22.9
eYGR100W,CT,2082,9,0
eYGR100W,TT,2083,5,0
eYGR100W,TT,2084,5,0
eYGR100W,TC,2085,22,0
eYGR100W,CC,2086,42,-21.4
eYGR100W,CG,2087,43,-26.9
eYGR100W,GT,2088,4,0
eYGR100W,TA,2089,14,0
eYGR100W,AA,2090,5,-18.5
eYGR100W,AA,2091,5,-18.5
eYGR100W,AC,2092,4,-19
eYGR100W,CA,2093,42,-20
eYGR100W,AA,2094,5,-18.5
eYGR100W,AA,2095,5,-18.5
eYGR100W,AA,2096,5,-18.5
eYGR100W,AA,2097,5,-18.5
eYGR100W,AA,2098,5,-18.5
eYGR100W,AG,2099,9,-23.6
eYGR100W,GG,2100,42,-24.3
eYGR100W,GG,2101,42,-24.3
eYGR100W,GA,2102,22,-23.7
eYGR100W,AT,2103,0,0
eYGR100W,TT,2104,5,0
eYGR100W,TT,2105,5,0
eYGR100W,TT,2106,5,0
eYGR100W,TT,2107,5,0
eYGR100W,TT,2108,5,0
eYGR100W,TA,2109,14,0
eYGR100W,AC,2110,4,-19
eYGR100W,CA,2111,42,-20
eYGR100W,AA,2112,5,-18.5
eYGR100W,AA,2113,5,-18.5
eYGR100W,AG,2114,9,-23.6
eYGR100W,GG,2115,42,-24.3
eYGR100W,GT,2116,4,0
eYGR100W,TT,2117,5,0
eYGR100W,TA,2118,14,0
eYGR100W,AT,2119,0,0
eYGR100W,TT,2120,5,0
eYGR100W,TT,2121,5,0
eYGR100W,TG,2122,42,0
eYGR100W,GA,2123,22,-23.7
eYGR100W,AC,2124,4,-19
eYGR100W,CA,2125,42,-20
eYGR100W,AA,2126,5,-18.5
eYGR100W,AC,2127,4,-19
eYGR100W,CT,2128,9,0
eYGR100W,TG,2129,42,0
eYGR100W,GG,2130,42,-24.3
eYGR100W,GG,2131,42,-24.3
eYGR100W,GA,2132,22,-23.7
eYGR100W,AT,2133,0,0
eYGR100W,TT,2134,5,0
eYGR100W,TC,2135,22,0
eYGR100W,CT,2136,9,0
eYGR100W,TG,2137,42,0
eYGR100W,GC,2138,25,-22.9
eYGR100W,CC,2139,42,-21.4
eYGR100W,CC,2140,42,-21.4
eYGR100W,CA,2141,42,-20
eYGR100W,AT,2142,0,0
eYGR100W,TA,2143,14,0
eYGR100W,AT,2144,0,0
eYGR100W,TT,2145,5,0
eYGR100W,TG,2146,42,0
eYGR100W,GG,2147,42,-24.3
eYGR100W,GT,2148,4,0
eYGR100W,TG,2149,42,0
eYGR100W,GA,2150,22,-23.7
eYGR100W,AG,2151,9,-23.6
eYGR100W,GT,2152,4,0
eYGR100W,TT,2153,5,0
eYGR100W,TG,2154,42,0
eYGR100W,GA,2155,22,-23.7
eYGR100W,AC,2156,4,-19
eYGR100W,CG,2157,43,-26.9
eYGR100W,GT,2158,4,0
eYGR100W,TT,2159,5,0
eYGR100W,TG,2160,42,0
eYGR100W,GA,2161,22,-23.7
eYGR100W,AA,2162,5,-18.5
eYGR100W,AC,2163,4,-19
eYGR100W,CG,2164,43,-26.9
eYGR100W,GA,2165,22,-23.7
eYGR100W,AT,2166,0,0
eYGR100W,TG,2167,42,0
eYGR100W,GT,2168,4,0
eYGR100W,TG,2169,42,0
eYGR100W,GG,2170,42,-24.3
eYGR100W,GT,2171,4,0
eYGR100W,TA,2172,14,0
eYGR100W,AA,2173,5,-18.5
eYGR100W,AC,2174,4,-19
eYGR100W,CC,2175,42,-21.4
eYGR100W,CG,2176,43,-26.9
eYGR100W,GG,2177,42,-24.3
eYGR100W,GC,2178,25,-22.9
eYGR100W,CT,2179,9,0
eYGR100W,TT,2180,5,0
eYGR100W,TG,2181,42,0
eYGR100W,GG,2182,42,-24.3
eYGR100W,GA,2183,22,-23.7
eYGR100W,AT,2184,0,0
eYGR100W,TA,2185,14,0
eYGR100W,AA,2186,5,-18.5
eYGR100W,AA,2187,5,-18.5
eYGR100W,AC,2188,4,-19
eYGR100W,CT,2189,9,0
eYGR100W,TG,2190,42,0
eYGR100W,GT,2191,4,0
eYGR100W,TT,2192,5,0
eYGR100W,TA,2193,14,0
eYGR100W,AA,2194,5,-18.5
eYGR100W,AC,2195,4,-19
eYGR100W,CC,2196,42,-21.4
eYGR100W,CG,2197,43,-26.9
eYGR100W,GT,2198,4,0
eYGR100W,TT,2199,5,0
eYGR100W,TG,2200,42,0
eYGR100W,GA,2201,22,-23.7
eYGR100W,AT,2202,0,0
eYGR100W,TC,2203,22,0
eYGR100W,CT,2204,9,0
eYGR100W,TT,2205,5,0
eYGR100W,TT,2206,5,0
eYGR100W,TT,2207,5,0
eYGR100W,TA,2208,14,0
eYGR100W,AC,2209,4,-19
eYGR100W,CA,2210,42,-20
eYGR100W,AA,2211,5,-18.5
eYGR100W,AG,2212,9,-23.6
eYGR100W,GC,2213,25,-22.9
eYGR100W,CT,2214,9,0
eYGR100W,TA,2215,14,0
eYGR100W,AT,2216,0,0
eYGR100W,TA,2217,14,0
eYGR100W,AA,2218,5,-18.5
eYGR100W,AA,2219,5,-18.5
eYGR100W,AC,2220,4,-19
eYGR100W,CT,2221,9,0
eYGR100W,TA,2222,14,0
eYGR100W,AT,2223,0,0
eYGR100W,TT,2224,5,0
eYGR100W,TT,2225,5,0
eYGR100W,TC,2226,22,0
eYGR100W,CT,2227,9,0
eYGR100W,TT,2228,5,0
eYGR100W,TC,2229,22,0
eYGR100W,CT,2230,9,0
eYGR100W,TC,2231,22,0
eYGR100W,CT,2232,9,0
eYGR100W,TT,2233,5,0
eYGR100W,TT,2234,5,0
eYGR100W,TA,2235,14,0
eYGR100W,AT,2236,0,0
eYGR100W,TA,2237,14,0
eYGR100W,AT,2238,0,0
eYGR100W,TG,2239,42,0
eYGR100W,GA,2240,22,-23.7
eYGR100W,AT,2241,0,0
eYGR100W,TA,2242,14,0
eYGR100W,AC,2243,4,-19
eYGR100W,CA,2244,42,-20
eYGR100W,AG,2245,9,-23.6
eYGR100W,GA,2246,22,-23.7
eYGR100W,AT,2247,0,0
eYGR100W,TG,2248,42,0
eYGR100W,GA,2249,22,-23.7
eYGR100W,AC,2250,4,-19
eYGR100W,CG,2251,43,-26.9
eYGR100W,GA,2252,22,-23.7
eYGR100W,AT,2253,0,0
eYGR100W,TG,2254,42,0
eYGR100W,GG,2255,42,-24.3
eYGR100W,GT,2256,4,0
eYGR100W,TG,2257,42,0
eYGR100W,GA,2258,22,-23.7
eYGR100W,AA,2259,5,-18.5
eYGR100W,AT,2260,0,0
eYGR100W,TT,2261,5,0
eYGR100W,TA,2262,14,0
eYGR100W,AC,2263,4,-19
eYGR100W,CA,2264,42,-20
eYGR100W,AT,2265,0,0
eYGR100W,TA,2266,14,0
eYGR100W,AG,2267,9,-23.6
eYGR100W,GA,2268,22,-23.7
eYGR100W,AG,2269,9,-23.6
eYGR100W,GA,2270,22,-23.7
eYGR100W,AG,2271,9,-23.6
eYGR100W,GG,2272,42,-24.3
eYGR100W,GA,2273,22,-23.7
eYGR100W,AA,2274,5,-18.5
eYGR100W,AG,2275,9,-23.6
eYGR100W,GT,2276,4,0
eYGR100W,TG,2277,42,0
eYGR100W,GC,2278,25,-22.9
eYGR100W,CT,2279,9,0
eYGR100W,TA,2280,14,0
eYGR100W,AC,2281,4,-19
eYGR100W,CA,2282,42,-20
eYGR100W,AA,2283,5,-18.5
eYGR100W,AC,2284,4,-19
eYGR100W,CT,2285,9,0
eYGR100W,TA,2286,14,0
eYGR100W,AT,2287,0,0
eYGR100W,TC,2288,22,0
eYGR100W,CA,2289,42,-20
eYGR100W,AG,2290,9,-23.6
eYGR100W,GA,2291,22,-23.7
eYGR100W,AA,2292,5,-18.5
eYGR100W,AG,2293,9,-23.6
eYGR100W,GG,2294,42,-24.3
eYGR100W,GG,2295,42,-24.3
eYGR100W,GC,2296,25,-22.9
eYGR100W,CT,2297,9,0
eYGR100W,TA,2298,14,0
eYGR100W,AT,2299,0,0
eYGR100W,TT,2300,5,0
eYGR100W,TA,2301,14,0
eYGR100W,AC,2302,4,-19
eYGR100W,CT,2303,9,0
eYGR100W,TG,2304,42,0
eYGR100W,GC,2305,25,-22.9
eYGR100W,CT,2306,9,0
eYGR100W,TA,2307,14,0
eYGR100W,AA,2308,5,-18.5
eYGR100W,AC,2309,4,-19
eYGR100W,CG,2310,43,-26.9
eYGR100W,GG,2311,42,-24.3
eYGR100W,GA,2312,22,-23.7
eYGR100W,AA,2313,5,-18.5
eYGR100W,AC,2314,4,-19
eYGR100W,CC,2315,42,-21.4
eYGR100W,CT,2316,9,0
eYGR100W,TT,2317,5,0
eYGR100W,TG,2318,42,0
eYGR100W,GG,2319,42,-24.3
eYGR100W,GA,2320,22,-23.7
eYGR100W,AA,2321,5,-18.5
eYGR100W,AG,2322,9,-23.6
eYGR100W,GA,2323,22,-23.7
eYGR100W,AG,2324,9,-23.6
eYGR100W,GT,2325,4,0
eYGR100W,TG,2326,42,0
eYGR100W,GG,2327,42,-24.3
eYGR100W,GT,2328,4,0
eYGR100W,TA,2329,14,0
eYGR100W,AG,2330,9,-23.6
eYGR100W,GA,2331,22,-23.7
eYGR100W,AT,2332,0,0
eYGR100W,TA,2333,14,0
eYGR100W,AC,2334,4,-19
eYGR100W,CG,2335,43,-26.9
eYGR100W,GT,2336,4,0
eYGR100W,TG,2337,42,0
eYGR100W,GG,2338,42,-24.3
eYGR100W,GA,2339,22,-23.7
eYGR100W,AT,2340,0,0
eYGR100W,TC,2341,22,0
eYGR100W,CT,2342,9,0
eYGR100W,TG,2343,42,0
eYGR100W,GT,2344,4,0
eYGR100W,TT,2345,5,0
eYGR100W,TA,2346,14,0
eYGR100W,AA,2347,5,-18.5
eYGR100W,AC,2348,4,-19
eYGR100W,CT,2349,9,0
eYGR100W,TA,2350,14,0
eYGR100W,AA,2351,5,-18.5
eYGR100W,AA,2352,5,-18.5
eYGR100W,AA,2353,5,-18.5
eYGR100W,AA,2354,5,-18.5
eYGR100W,AG,2355,9,-23.6
eYGR100W,GC,2356,25,-22.9
eYGR100W,CG,2357,43,-26.9
eYGR100W,GG,2358,42,-24.3
eYGR100W,GA,2359,22,-23.7
eYGR100W,AT,2360,0,0
eYGR100W,TT,2361,5,0
eYGR100W,TG,2362,42,0
eYGR100W,GA,2363,22,-23.7
eYGR100W,AA,2364,5,-18.5
eYGR100W,AG,2365,9,-23.6
eYGR100W,GA,2366,22,-23.7
eYGR100W,AC,2367,4,-19
eYGR100W,CG,2368,43,-26.9
eYGR100W,GA,2369,22,-23.7
eYGR100W,AT,2370,0,0
eYGR100W,TA,2371,14,0
eYGR100W,AT,2372,0,0
eYGR100W,TT,2373,5,0
eYGR100W,TG,2374,42,0
eYGR100W,GC,2375,25,-22.9
eYGR100W,CT,2376,9,0
eYGR100W,TG,2377,42,0
eYGR100W,GA,2378,22,-23.7
eYGR100W,AG,2379,9,-23.6
eYGR100W,GA,2380,22,-23.7
eYGR100W,AG,2381,9,-23.6
eYGR100W,GC,2382,25,-22.9
eYGR100W,CA,2383,42,-20
eYGR100W,AT,2384,0,0
eYGR100W,TC,2385,22,0
eYGR100W,CA,2386,42,-20
eYGR100W,AT,2387,0,0
eYGR100W,TT,2388,5,0
eYGR100W,TA,2389,14,0
eYGR100W,AA,2390,5,-18.5
eYGR100W,AG,2391,9,-23.6
eYGR100W,GG,2392,42,-24.3
eYGR100W,GA,2393,22,-23.7
eYGR100W,AA,2394,5,-18.5
eYGR100W,AA,2395,5,-18.5
eYGR100W,AG,2396,9,-23.6
eYGR100W,GC,2397,25,-22.9
eYGR100W,CG,2398,43,-26.9
eYGR100W,GG,2399,42,-24.3
eYGR100W,GT,2400,4,0
eYGR100W,TG,2401,42,0
eYGR100W,GA,2402,22,-23.7
eYGR100W,AA,2403,5,-18.5
eYGR100W,AG,2404,9,-23.6
eYGR100W,GA,2405,22,-23.7
eYGR100W,AG,2406,9,-23.6
eYGR100W,GA,2407,22,-23.7
eYGR100W,AT,2408,0,0
eYGR100W,TA,2409,14,0
eYGR100W,AG,2410,9,-23.6
eYGR100W,GT,2411,4,0
eYGR100W,TT,2412,5,0
eYGR100W,TA,2413,14,0
eYGR100W,AC,2414,4,-19
eYGR100W,CG,2415,43,-26.9
eYGR100W,GA,2416,22,-23.7
eYGR100W,AT,2417,0,0
eYGR100W,TG,2418,42,0
eYGR100W,GA,2419,22,-23.7
eYGR100W,AA,2420,5,-18.5
eYGR100W,AC,2421,4,-19
eYGR100W,CC,2422,42,-21.4
eYGR100W,CA,2423,42,-20
eYGR100W,AA,2424,5,-18.5
eYGR100W,AA,2425,5,-18.5
eYGR100W,AT,2426,0,0
eYGR100W,TC,2427,22,0
eYGR100W,CG,2428,43,-26.9
eYGR100W,GA,2429,22,-23.7
eYGR100W,AG,2430,9,-23.6
eYGR100W,GT,2431,4,0
eYGR100W,TT,2432,5,0
eYGR100W,TA,2433,14,0
eYGR100W,AC,2434,4,-19
eYGR100W,CC,2435,42,-21.4
eYGR100W,CA,2436,42,-20
eYGR100W,AA,2437,5,-18.5
eYGR100W,AC,2438,4,-19
eYGR100W,CA,2439,42,-20
eYGR100W,AG,2440,9,-23.6
eYGR100W,GG,2441,42,-24.3
eYGR100W,GA,2442,22,-23.7
eYGR100W,AG,2443,9,-23.6
eYGR100W,GT,2444,4,0
eYGR100W,TT,2445,5,0
eYGR100W,TA,2446,14,0
eYGR100W,AC,2447,4,-19
eYGR100W,CC,2448,42,-21.4
eYGR100W,CA,2449,42,-20
eYGR100W,AT,2450,0,0
eYGR100W,TT,2451,5,0
eYGR100W,TG,2452,42,0
eYGR100W,GA,2453,22,-23.7
eYGR100W,AT,2454,0,0
eYGR100W,TG,2455,42,0
eYGR100W,GA,2456,22,-23.7
eYGR100W,AG,2457,9,-23.6
eYGR100W,GG,2458,42,-24.3
eYGR100W,GA,2459,22,-23.7
eYGR100W,AA,2460,5,-18.5
eYGR100W,AA,2461,5,-18.5
eYGR100W,AA,2462,5,-18.5
eYGR100W,AA,2463,5,-18.5
eYGR100W,AT,2464,0,0
eYGR100W,TA,2465,14,0
eYGR100W,AT,2466,0,0
eYGR100W,TA,2467,14,0
eYGR100W,AA,2468,5,-18.5
eYGR100W,AA,2469,5,-18.5
eYGR100W,AG,2470,9,-23.6
eYGR100W,GC,2471,25,-22.9
eYGR100W,CC,2472,42,-21.4
eYGR100W,CG,2473,43,-26.9
eYGR100W,GA,2474,22,-23.7
eYGR100W,AG,2475,9,-23.6
eYGR100W,GC,2476,25,-22.9
eYGR100W,CA,2477,42,-20
eYGR100W,AA,2478,5,-18.5
eYGR100W,AG,2479,9,-23.6
eYGR100W,GC,2480,25,-22.9
eYGR100W,CA,2481,42,-20
eYGR100W,AG,2482,9,-23.6
eYGR100W,GA,2483,22,-23.7
eYGR100W,AA,2484,5,-18.5
eYGR100W,AA,2485,5,-18.5
eYGR100W,AG,2486,9,-23.6
eYGR100W,GA,2487,22,-23.7
eYGR100W,AT,2488,0,0
eYGR100W,TA,2489,14,0
eYGR100W,AT,2490,0,0
eYGR100W,TC,2491,22,0
eYGR100W,CT,2492,9,0
eYGR100W,TA,2493,14,0
eYGR100W,AA,2494,5,-18.5
eYGR100W,AA,2495,5,-18.5
eYGR100W,AA,2496,5,-18.5
eYGR100W,AG,2497,9,-23.6
eYGR100W,GC,2498,25,-22.9
eYGR100W,CT,2499,9,0
eYGR100W,TG,2500,42,0
eYGR100W,GC,2501,25,-22.9
eYGR100W,CA,2502,42,-20
eYGR100W,AA,2503,5,-18.5
eYGR100W,AG,2504,9,-23.6
eYGR100W,GT,2505,4,0
eYGR100W,TA,2506,14,0
eYGR100W,AA,2507,5,-18.5
eYGR100W,AC,2508,4,-19
eYGR100W,CT,2509,9,0
eYGR100W,TT,2510,5,0
eYGR100W,TT,2511,5,0
eYGR100W,TC,2512,22,0
eYGR100W,CT,2513,9,0
eYGR100W,TA,2514,14,0
eYGR100W,AC,2515,4,-19
eYGR100W,CA,2516,42,-20
eYGR100W,AA,2517,5,-18.5
eYGR100W,AA,2518,5,-18.5
eYGR100W,AG,2519,9,-23.6
eYGR100W,GA,2520,22,-23.7
eYGR100W,AT,2521,0,0
eYGR100W,TC,2522,22,0
eYGR100W,CC,2523,42,-21.4
eYGR100W,CT,2524,9,0
eYGR100W,TT,2525,5,0
eYGR100W,TT,2526,5,0
eYGR100W,TG,2527,42,0
eYGR100W,GA,2528,22,-23.7
eYGR100W,AA,2529,5,-18.5
eYGR100W,AT,2530,0,0
eYGR100W,TA,2531,14,0
eYGR100W,AT,2532,0,0
eYGR100W,TG,2533,42,0
eYGR100W,GC,2534,25,-22.9
eYGR100W,CT,2535,9,0
eYGR100W,TA,2536,14,0
eYGR100W,AA,2537,5,-18.5
eYGR100W,AG,2538,9,-23.6
eYGR100W,GG,2539,42,-24.3
eYGR100W,GC,2540,25,-22.9
eYGR100W,CA,2541,42,-20
eYGR100W,AG,2542,9,-23.6
eYGR100W,GT,2543,4,0
eYGR100W,TT,2544,5,0
eYGR100W,TG,2545,42,0
eYGR100W,GA,2546,22,-23.7
eYGR100W,AT,2547,0,0
eYGR100W,TC,2548,22,0
eYGR100W,CT,2549,9,0
eYGR100W,TC,2550,22,0
eYGR100W,CG,2551,43,-26.9
eYGR100W,GC,2552,25,-22.9
eYGR100W,CG,2553,43,-26.9
eYGR100W,GG,2554,42,-24.3
eYGR100W,GA,2555,22,-23.7
eYGR100W,AA,2556,5,-18.5
eYGR100W,AG,2557,9,-23.6
eYGR100W,GA,2558,22,-23.7
eYGR100W,AG,2559,9,-23.6
eYGR100W,GG,2560,42,-24.3
eYGR100W,GT,2561,4,0
eYGR100W,TA,2562,14,0
eYGR100W,AA,2563,5,-18.5
eYGR100W,AA,2564,5,-18.5
eYGR100W,AC,2565,4,-19
eYGR100W,CC,2566,42,-21.4
eYGR100W,CT,2567,9,0
eYGR100W,TG,2568,42,0
eYGR100W,GA,2569,22,-23.7
eYGR100W,AT,2570,0,0
eYGR100W,TT,2571,5,0
eYGR100W,TG,2572,42,0
eYGR100W,GA,2573,22,-23.7
eYGR100W,AC,2574,4,-19
eYGR100W,CC,2575,42,-21.4
eYGR100W,CT,2576,9,0
eYGR100W,TG,2577,42,0
eYGR100W,GT,2578,4,0
eYGR100W,TC,2579,22,0
eYGR100W,CT,2580,9,0
eYGR100W,TG,2581,42,0
eYGR100W,GA,2582,22,-23.7
eYGR100W,AT,2583,0,0
eYGR100W,TG,2584,42,0
eYGR100W,GA,2585,22,-23.7
eYGR100W,AT,2586,0,0
eYGR100W,TG,2587,42,0
eYGR100W,GA,2588,22,-23.7
eYGR100W,AA,2589,5,-18.5
eYGR100W,AA,2590,5,-18.5
eYGR100W,AG,2591,9,-23.6
eYGR100W,GC,2592,25,-22.9
eYGR100W,CG,2593,43,-26.9
eYGR100W,GA,2594,22,-23.7
eYGR100W,AA,2595,5,-18.5
eYGR100W,AG,2596,9,-23.6
eYGR100W,GA,2597,22,-23.7
eYGR100W,AA,2598,5,-18.5
eYGR100W,AA,2599,5,-18.5
eYGR100W,AA,2600,5,-18.5
eYGR100W,AG,2601,9,-23.6
eYGR100W,GA,2602,22,-23.7
eYGR100W,AG,2603,9,-23.6
eYGR100W,GA,2604,22,-23.7
eYGR100W,AA,2605,5,-18.5
eYGR100W,AC,2606,4,-19
eYGR100W,CA,2607,42,-20
eYGR100W,AT,2608,0,0
eYGR100W,TT,2609,5,0
eYGR100W,TA,2610,14,0
eYGR100W,AA,2611,5,-18.5
eYGR100W,AA,2612,5,-18.5
eYGR100W,AA,2613,5,-18.5
eYGR100W,AC,2614,4,-19
eYGR100W,CA,2615,42,-20
eYGR100W,AA,2616,5,-18.5
eYGR100W,AA,2617,5,-18.5
eYGR100W,AA,2618,5,-18.5
eYGR100W,AA,2619,5,-18.5
eYGR100W,AC,2620,4,-19
eYGR100W,CA,2621,42,-20
eYGR100W,AG,2622,9,-23.6
eYGR100W,GC,2623,25,-22.9
eYGR100W,CT,2624,9,0
eYGR100W,TG,2625,42,0
eYGR100W,GG,2626,42,-24.3
eYGR100W,GA,2627,22,-23.7
eYGR100W,AA,2628,5,-18.5
eYGR100W,AA,2629,5,-18.5
eYGR100W,AG,2630,9,-23.6
eYGR100W,GC,2631,25,-22.9
eYGR100W,CA,2632,42,-20
eYGR100W,AT,2633,0,0
eYGR100W,TA,2634,14,0
eYGR100W,AA,2635,5,-18.5
eYGR100W,AA,2636,5,-18.5
eYGR100W,AG,2637,9,-23.6
eYGR100W,GG,2638,42,-24.3
eYGR100W,GC,2639,25,-22.9
eYGR100W,CG,2640,43,-26.9
eYGR100W,GA,2641,22,-23.7
eYGR100W,AA,2642,5,-18.5
eYGR100W,AT,2643,0,0
eYGR100W,TG,2644,42,0
eYGR100W,GC,2645,25,-22.9
eYGR100W,CA,2646,42,-20
eYGR100W,AG,2647,9,-23.6
eYGR100W,GC,2648,25,-22.9
eYGR100W,CC,2649,42,-21.4
eYGR100W,CT,2650,9,0
eYGR100W,TT,2651,5,0
eYGR100W,TA,2652,14,0
eYGR100W,AG,2653,9,-23.6
eYGR100W,GA,2654,22,-23.7
eYGR100W,AT,2655,0,0
eYGR100W,TC,2656,22,0
eYGR100W,CC,2657,42,-21.4
eYGR100W,CT,2658,9,0
eYGR100W,TA,2659,14,0
eYGR100W,AC,2660,4,-19
eYGR100W,CC,2661,42,-21.4
eYGR100W,CC,2662,42,-21.4
eYGR100W,CA,2663,42,-20
eYGR100W,AT,2664,0,0
eYGR100W,TC,2665,22,0
eYGR100W,CC,2666,42,-21.4
eYGR100W,CA,2667,42,-20
eYGR100W,AA,2668,5,-18.5
eYGR100W,AA,2669,5,-18.5
eYGR100W,AA,2670,5,-18.5
eYGR100W,AG,2671,9,-23.6
eYGR100W,GT,2672,4,0
eYGR100W,TA,2673,14,0
eYGR100W,AA,2674,5,-18.5
eYGR100W,AT,2675,0,0
eYGR100W,TA,2676,14,0
eYGR100W,AG,2677,9,-23.6
eYGR100W,GA,2678,22,-23.7
eYGR100W,AC,2679,4,-19
eYGR100W,CC,2680,42,-21.4
eYGR100W,CT,2681,9,0
eYGR100W,TG,2682,42,0
eYGR100W,GC,2683,25,-22.9
eYGR100W,CC,2684,42,-21.4
eYGR100W,CA,2685,42,-20
eYGR100W,AA,2686,5,-18.5
eYGR100W,AC,2687,4,-19
eYGR100W,CA,2688,42,-20
eYGR100W,AT,2689,0,0
eYGR100W,TT,2690,5,0
eYGR100W,TT,2691,5,0
eYGR100W,TA,2692,14,0
eYGR100W,AG,2693,9,-23.6
eYGR100W,GG,2694,42,-24.3
eYGR100W,GA,2695,22,-23.7
eYGR100W,AT,2696,0,0
eYGR100W,TG,2697,42,0
eYGR100W,GA,2698,22,-23.7
eYGR100W,AT,2699,0,0
eYGR100W,TC,2700,22,0
eYGR100W,CA,2701,42,-20
eYGR100W,AT,2702,0,0
eYGR100W,TC,2703,22,0
eYGR100W,CC,2704,42,-21.4
eYGR100W,CT,2705,9,0
eYGR100W,TC,2706,22,0
eYGR100W,CG,2707,43,-26.9
eYGR100W,GC,2708,25,-22.9
eYGR100W,CG,2709,43,-26.9
eYGR100W,GG,2710,42,-24.3
eYGR100W,GA,2711,22,-23.7
eYGR100W,AC,2712,4,-19
eYGR100W,CG,2713,43,-26.9
eYGR100W,GA,2714,22,-23.7
eYGR100W,AA,2715,5,-18.5
eYGR100W,AA,2716,5,-18.5
eYGR100W,AC,2717,4,-19
eYGR100W,CT,2718,9,0
eYGR100W,TT,2719,5,0
eYGR100W,TA,2720,14,0
eYGR100W,AC,2721,4,-19
eYGR100W,CG,2722,43,-26.9
eYGR100W,GA,2723,22,-23.7
eYGR100W,AG,2724,9,-23.6
eYGR100W,GC,2725,25,-22.9
eYGR100W,CT,2726,9,0
eYGR100W,TT,2727,5,0
eYGR100W,TT,2728,5,0
eYGR100W,TT,2729,5,0
eYGR100W,TC,2730,22,0
eYGR100W,CT,2731,9,0
eYGR100W,TT,2732,5,0
eYGR100W,TT,2733,5,0
eYGR100W,TT,2734,5,0
eYGR100W,TC,2735,22,0
eYGR100W,CT,2736,9,0
eYGR100W,TA,2737,14,0
eYGR100W,AA,2738,5,-18.5
eYGR100W,AT,2739,0,0
eYGR100W,TA,2740,14,0
eYGR100W,AC,2741,4,-19
eYGR100W,CC,2742,42,-21.4
eYGR100W,CT,2743,9,0
eYGR100W,TT,2744,5,0
eYGR100W,TA,2745,14,0
eYGR100W,AC,2746,4,-19
eYGR100W,CG,2747,43,-26.9
eYGR100W,GA,2748,22,-23.7
eYGR100W,AT,2749,0,0
eYGR100W,TC,2750,22,0
eYGR100W,CA,2751,42,-20
eYGR100W,AT,2752,0,0
eYGR100W,TC,2753,22,0
eYGR100W,CT,2754,9,0
eYGR100W,TG,2755,42,0
eYGR100W,GT,2756,4,0
eYGR100W,TT,2757,5,0
eYGR100W,TC,2758,22,0
eYGR100W,CA,2759,42,-20
eYGR100W,AC,2760,4,-19
eYGR100W,CG,2761,43,-26.9
eYGR100W,GT,2762,4,0
eYGR100W,TC,2763,22,0
eYGR100W,CG,2764,43,-26.9
eYGR100W,GA,2765,22,-23.7
eYGR100W,AC,2766,4,-19
eYGR100W,CG,2767,43,-26.9
eYGR100W,GA,2768,22,-23.7
eYGR100W,AA,2769,5,-18.5
eYGR100W,AC,2770,4,-19
eYGR100W,CA,2771,42,-20
eYGR100W,AT,2772,0,0
eYGR100W,TA,2773,14,0
eYGR100W,AT,2774,0,0
eYGR100W,TC,2775,22,0
eYGR100W,CA,2776,42,-20
eYGR100W,AA,2777,5,-18.5
eYGR100W,AC,2778,4,-19
eYGR100W,CA,2779,42,-20
eYGR100W,AT,2780,0,0
eYGR100W,TT,2781,5,0
eYGR100W,TG,2782,42,0
eYGR100W,GA,2783,22,-23.7
eYGR100W,AT,2784,0,0
eYGR100W,TA,2785,14,0
eYGR100W,AA,2786,5,-18.5
eYGR100W,AC,2787,4,-19
eYGR100W,CA,2788,42,-20
eYGR100W,AA,2789,5,-18.5
eYGR100W,AA,2790,5,-18.5
eYGR100W,AA,2791,5,-18.5
eYGR100W,AA,2792,5,-18.5
eYGR100W,AC,2793,4,-19
eYGR100W,CA,2794,42,-20
eYGR100W,AA,2795,5,-18.5
eYGR100W,AA,2796,5,-18.5
eYGR100W,AG,2797,9,-23.6
eYGR100W,GT,2798,4,0
eYGR100W,TT,2799,5,0
eYGR100W,TC,2800,22,0
eYGR100W,CT,2801,9,0
eYGR100W,TT,2802,5,0
eYGR100W,TA,2803,14,0
eYGR100W,AG,2804,9,-23.6
eYGR100W,GA,2805,22,-23.7
eYGR100W,AA,2806,5,-18.5
eYGR100W,AG,2807,9,-23.6
eYGR100W,GT,2808,4,0
eYGR100W,TA,2809,14,0
eYGR100W,AT,2810,0,0
eYGR100W,TG,2811,42,0
eYGR100W,GT,2812,4,0
eYGR100W,TT,2813,5,0
eYGR100W,TT,2814,5,0
eYGR100W,TG,2815,42,0
eYGR100W,GA,2816,22,-23.7
eYGR100W,AC,2817,4,-19
eYGR100W,CG,2818,43,-26.9
eYGR100W,GG,2819,42,-24.3
eYGR100W,GT,2820,4,0
eYGR100W,TA,2821,14,0
eYGR100W,AT,2822,0,0
eYGR100W,TA,2823,14,0
eYGR100W,AT,2824,0,0
eYGR100W,TT,2825,5,0
eYGR100W,TG,2826,42,0
eYGR100W,GG,2827,42,-24.3
eYGR100W,GC,2828,25,-22.9
eYGR100W,CA,2829,42,-20
eYGR100W,AG,2830,9,-23.6
eYGR100W,GA,2831,22,-23.7
eYGR100W,AC,2832,4,-19
eYGR100W,CG,2833,43,-26.9
eYGR100W,GG,2834,42,-24.3
eYGR100W,GA,2835,22,-23.7
eYGR100W,AA,2836,5,-18.5
eYGR100W,AA,2837,5,-18.5
eYGR100W,AA,2838,5,-18.5
eYGR100W,AA,2839,5,-18.5
eYGR100W,AG,2840,9,-23.6
eYGR100W,GG,2841,42,-24.3
eYGR100W,GG,2842,42,-24.3
eYGR100W,GT,2843,4,0
eYGR100W,TT,2844,5,0
eYGR100W,TG,2845,42,0
eYGR100W,GC,2846,25,-22.9
eYGR100W,CT,2847,9,0
eYGR100W,TG,2848,42,0
eYGR100W,GA,2849,22,-23.7
eYGR100W,AG,2850,9,-23.6
eYGR100W,GC,2851,25,-22.9
eYGR100W,CA,2852,42,-20
eYGR100W,AA,2853,5,-18.5
eYGR100W,AG,2854,9,-23.6
eYGR100W,GT,2855,4,0
eYGR100W,TC,2856,22,0
eYGR100W,CC,2857,42,-21.4
eYGR100W,CG,2858,43,-26.9
eYGR100W,GT,2859,4,0
eYGR100W,TC,2860,22,0
eYGR100W,CG,2861,43,-26.9
eYGR100W,GT,2862,4,0
eYGR100W,TC,2863,22,0
eYGR100W,CG,2864,43,-26.9
eYGR100W,GT,2865,4,0
eYGR100W,TG,2866,42,0
eYGR100W,GT,2867,4,0
eYGR100W,TT,2868,5,0
eYGR100W,TG,2869,42,0
eYGR100W,GA,2870,22,-23.7
eYGR100W,AT,2871,0,0
eYGR100W,TT,2872,5,0
eYGR100W,TC,2873,22,0
eYGR100W,CG,2874,43,-26.9
eYGR100W,GG,2875,42,-24.3
eYGR100W,GT,2876,4,0
eYGR100W,TG,2877,42,0
eYGR100W,GG,2878,42,-24.3
eYGR100W,GC,2879,25,-22.9
eYGR100W,CA,2880,42,-20
eYGR100W,AA,2881,5,-18.5
eYGR100W,AC,2882,4,-19
eYGR100W,CT,2883,9,0
eYGR100W,TA,2884,14,0
eYGR100W,AG,2885,9,-23.6
eYGR100W,GA,2886,22,-23.7
eYGR100W,AA,2887,5,-18.5
eYGR100W,AA,2888,5,-18.5
eYGR100W,AC,2889,4,-19
eYGR100W,CA,2890,42,-20
eYGR100W,AG,2891,9,-23.6
eYGR100W,GC,2892,25,-22.9
eYGR100W,CA,2893,42,-20
eYGR100W,AT,2894,0,0
eYGR100W,TC,2895,22,0
eYGR100W,CA,2896,42,-20
eYGR100W,AC,2897,4,-19
eYGR100W,CT,2898,9,0
eYGR100W,TT,2899,5,0
eYGR100W,TC,2900,22,0
eYGR100W,CC,2901,42,-21.4
eYGR100W,CG,2902,43,-26.9
eYGR100W,GC,2903,25,-22.9
eYGR100W,CA,2904,42,-20
eYGR100W,AG,2905,9,-23.6
eYGR100W,GA,2906,22,-23.7
eYGR100W,AA,2907,5,-18.5
eYGR100W,AA,2908,5,-18.5
eYGR100W,AG,2909,9,-23.6
eYGR100W,GC,2910,25,-22.9
eYGR100W,CA,2911,42,-20
eYGR100W,AC,2912,4,-19
eYGR100W,CA,2913,42,-20
eYGR100W,AC,2914,4,-19
eYGR100W,CC,2915,42,-21.4
eYGR100W,CA,2916,42,-20
eYGR100W,AA,2917,5,-18.5
eYGR100W,AC,2918,4,-19
eYGR100W,CA,2919,42,-20
eYGR100W,AG,2920,9,-23.6
eYGR100W,GC,2921,25,-22.9
eYGR100W,CC,2922,42,-21.4
eYGR100W,CG,2923,43,-26.9
eYGR100W,GC,2924,25,-22.9
eYGR100W,CA,2925,42,-20
eYGR100W,AG,2926,9,-23.6
eYGR100W,GC,2927,25,-22.9
eYGR100W,CA,2928,42,-20
eYGR100W,AA,2929,5,-18.5
eYGR100W,AG,2930,9,-23.6
eYGR100W,GT,2931,4,0
eYGR100W,TT,2932,5,0
eYGR100W,TC,2933,22,0
eYGR100W,CG,2934,43,-26.9
eYGR100W,GA,2935,22,-23.7
eYGR100W,AT,2936,0,0
eYGR100W,TA,2937,14,0
eYGR100W,AA,2938,5,-18.5
eYGR100W,AC,2939,4,-19
eYGR100W,CT,2940,9,0
eYGR100W,TA,2941,14,0
eYGR100W,AC,2942,4,-19
eYGR100W,CC,2943,42,-21.4
eYGR100W,CA,2944,42,-20
eYGR100W,AA,2945,5,-18.5
eYGR100W,AA,2946,5,-18.5
eYGR100W,AG,2947,9,-23.6
eYGR100W,GA,2948,22,-23.7
eYGR100W,AA,2949,5,-18.5
eYGR100W,AG,2950,9,-23.6
eYGR100W,GA,2951,22,-23.7
eYGR100W,AA,2952,5,-18.5
eYGR100W,AA,2953,5,-18.5
eYGR100W,AA,2954,5,-18.5
eYGR100W,AG,2955,9,-23.6
eYGR100W,GT,2956,4,0
eYGR100W,TA,2957,14,0
eYGR100W,AC,2958,4,-19
eYGR100W,CG,2959,43,-26.9
eYGR100W,GA,2960,22,-23.7
eYGR100W,AT,2961,0,0
eYGR100W,TG,2962,42,0
eYGR100W,GA,2963,22,-23.7
eYGR100W,AT,2964,0,0
eYGR100W,TC,2965,22,0
eYGR100W,CT,2966,9,0
eYGR100W,TG,2967,42,0
eYGR100W,GG,2968,42,-24.3
eYGR100W,GA,2969,22,-23.7
eYGR100W,AT,2970,0,0
eYGR100W,TG,2971,42,0
eYGR100W,GA,2972,22,-23.7
eYGR100W,AT,2973,0,0
eYGR100W,TT,2974,5,0
eYGR100W,TT,2975,5,0
eYGR100W,TT,2976,5,0
eYGR100W,TA,2977,14,0
eYGR100W,AC,2978,4,-19
eYGR100W,CG,2979,43,-26.9
eYGR100W,GT,2980,4,0
eYGR100W,TC,2981,22,0
eYGR100W,CA,2982,42,-20
eYGR100W,AG,2983,9,-23.6
eYGR100W,GA,2984,22,-23.7
eYGR100W,AG,2985,9,-23.6
eYGR100W,GC,2986,25,-22.9
eYGR100W,CA,2987,42,-20
eYGR100W,AC,2988,4,-19
eYGR100W,CC,2989,42,-21.4
eYGR100W,CA,2990,42,-20
eYGR100W,AG,2991,9,-23.6
eYGR100W,GC,2992,25,-22.9
eYGR100W,CC,2993,42,-21.4
eYGR100W,CC,2994,42,-21.4
eYGR100W,CG,2995,43,-26.9
eYGR100W,GA,2996,22,-23.7
eYGR100W,AG,2997,9,-23.6
eYGR100W,GA,2998,22,-23.7
eYGR100W,AA,2999,5,-18.5
eYGR100W,AT,3000,0,0
eYGR100W,TG,3001,42,0
eYGR100W,GA,3002,22,-23.7
eYGR100W,AA,3003,5,-18.5
eYGR100W,AG,3004,9,-23.6
eYGR100W,GA,3005,22,-23.7
eYGR100W,AA,3006,5,-18.5
eYGR100W,AC,3007,4,-19
eYGR100W,CT,3008,9,0
eYGR100W,TA,3009,14,0
eYGR100W,AT,3010,0,0
eYGR100W,TT,3011,5,0
eYGR100W,TA,3012,14,0
eYGR100W,AC,3013,4,-19
eYGR100W,CA,3014,42,-20
eYGR100W,AA,3015,5,-18.5
eYGR100W,AA,3016,5,-18.5
eYGR100W,AG,3017,9,-23.6
eYGR100W,GT,3018,4,0
eYGR100W,TT,3019,5,0
eYGR100W,TC,3020,22,0
eYGR100W,CT,3021,9,0
eYGR100W,TT,3022,5,0
eYGR100W,TG,3023,42,0
eYGR100W,GG,3024,42,-24.3
eYGR100W,GT,3025,4,0
eYGR100W,TT,3026,5,0
eYGR100W,TT,3027,5,0
eYGR100W,TG,3028,42,0
eYGR100W,GA,3029,22,-23.7
eYGR100W,AG,3030,9,-23.6
eYGR100W,GA,3031,22,-23.7
eYGR100W,AT,3032,0,0
eYGR100W,TC,3033,22,0
eYGR100W,CG,3034,43,-26.9
eYGR100W,GA,3035,22,-23.7
eYGR100W,AC,3036,4,-19
eYGR100W,CG,3037,43,-26.9
eYGR100W,GA,3038,22,-23.7
eYGR100W,AT,3039,0,0
eYGR100W,TG,3040,42,0
eYGR100W,GC,3041,25,-22.9
eYGR100W,CT,3042,9,0
eYGR100W,TA,3043,14,0
eYGR100W,AA,3044,5,-18.5
eYGR100W,AC,3045,4,-19
eYGR100W,CG,3046,43,-26.9
eYGR100W,GA,3047,22,-23.7
eYGR100W,AA,3048,5,-18.5
eYGR100W,AA,3049,5,-18.5
eYGR100W,AC,3050,4,-19
eYGR100W,CT,3051,9,0
eYGR100W,TA,3052,14,0
eYGR100W,AG,3053,9,-23.6
eYGR100W,GC,3054,25,-22.9
eYGR100W,CA,3055,42,-20
eYGR100W,AC,3056,4,-19
eYGR100W,CC,3057,42,-21.4
eYGR100W,CA,3058,42,-20
eYGR100W,AA,3059,5,-18.5
eYGR100W,AA,3060,5,-18.5
eYGR100W,AG,3061,9,-23.6
eYGR100W,GC,3062,25,-22.9
eYGR100W,CC,3063,42,-21.4
eYGR100W,CA,3064,42,-20
eYGR100W,AT,3065,0,0
eYGR100W,TA,3066,14,0
eYGR100W,AC,3067,4,-19
eYGR100W,CA,3068,42,-20
eYGR100W,AA,3069,5,-18.5
eYGR100W,AG,3070,9,-23.6
eYGR100W,GA,3071,22,-23.7
eYGR100W,AA,3072,5,-18.5
eYGR100W,AA,3073,5,-18.5
eYGR100W,AG,3074,9,-23.6
eYGR100W,GG,3075,42,-24.3
eYGR100W,GT,3076,4,0
eYGR100W,TC,3077,22,0
eYGR100W,CT,3078,9,0
eYGR100W,TT,3079,5,0
eYGR100W,TT,3080,5,0
eYGR100W,TT,3081,5,0
eYGR100W,TG,3082,42,0
eYGR100W,GA,3083,22,-23.7
eYGR100W,AG,3084,9,-23.6
eYGR100W,GC,3085,25,-22.9
eYGR100W,CC,3086,42,-21.4
eYGR100W,CT,3087,9,0
eYGR100W,TT,3088,5,0
eYGR100W,TT,3089,5,0
eYGR100W,TA,3090,14,0
eYGR100W,AT,3091,0,0
eYGR100W,TC,3092,22,0
eYGR100W,CG,3093,43,-26.9
eYGR100W,GG,3094,42,-24.3
eYGR100W,GC,3095,25,-22.9
eYGR100W,CT,3096,9,0
eYGR100W,TA,3097,14,0
eYGR100W,AA,3098,5,-18.5
eYGR100W,AC,3099,4,-19
eYGR100W,CT,3100,9,0
eYGR100W,TC,3101,22,0
eYGR100W,CA,3102,42,-20
eYGR100W,AT,3103,0,0
eYGR100W,TC,3104,22,0
eYGR100W,CA,3105,42,-20
eYGR100W,AG,3106,9,-23.6
eYGR100W,GA,3107,22,-23.7
eYGR100W,AA,3108,5,-18.5
eYGR100W,AG,3109,9,-23.6
eYGR100W,GA,3110,22,-23.7
eYGR100W,AG,3111,9,-23.6
eYGR100W,GA,3112,22,-23.7
eYGR100W,AA,3113,5,-18.5
eYGR100W,AG,3114,9,-23.6
eYGR100W,GT,3115,4,0
eYGR100W,TC,3116,22,0
eYGR100W,CC,3117,42,-21.4
eYGR100W,CA,3118,42,-20
eYGR100W,AA,3119,5,-18.5
eYGR100W,AC,3120,4,-19
eYGR100W,CC,3121,42,-21.4
eYGR100W,CT,3122,9,0
eYGR100W,TT,3123,5,0
eYGR100W,TA,3124,14,0
eYGR100W,AT,3125,0,0
eYGR100W,TT,3126,5,0
eYGR100W,TG,3127,42,0
eYGR100W,GA,3128,22,-23.7
eYGR100W,AA,3129,5,-18.5
eYGR100W,AT,3130,0,0
eYGR100W,TT,3131,5,0
eYGR100W,TT,3132,5,0
eYGR100W,TG,3133,42,0
eYGR100W,GA,3134,22,-23.7
eYGR100W,AA,3135,5,-18.5
eYGR100W,AG,3136,9,-23.6
eYGR100W,GC,3137,25,-22.9
eYGR100W,CA,3138,42,-20
eYGR100W,AT,3139,0,0
eYGR100W,TG,3140,42,0
eYGR100W,GA,3141,22,-23.7
eYGR100W,Aa,3142,0,0
eYGR100W,aa,3143,0,0
eYGR100W,at,3144,0,0
eYGR100W,tc,3145,0,0
eYGR100W,cg,3146,0,0
eYGR100W,gt,3147,0,0
eYGR100W,tg,3148,0,0
eYGR100W,gc,3149,0,0
eYGR100W,cg,3150,0,0
eYGR100W,gt,3151,0,0
eYGR100W,ta,3152,0,0
eYGR100W,at,3153,0,0
eYGR100W,tc,3154,0,0
eYGR100W,ca,3155,0,0
eYGR100W,aa,3156,0,0
eYGR100W,at,3157,0,0
eYGR100W,tc,3158,0,0
eYGR100W,cc,3159,0,0
eYGR100W,ct,3160,0,0
eYGR100W,ta,3161,0,0
eYGR100W,at,3162,0,0
eYGR100W,ta,3163,0,0
eYGR100W,ac,3164,0,0
eYGR100W,cc,3165,0,0
eYGR100W,ca,3166,0,0
eYGR100W,ac,3167,0,0
eYGR100W,cc,3168,0,0
eYGR100W,cc,3169,0,0
eYGR100W,cc,3170,0,0
eYGR100W,ct,3171,0,0
eYGR100W,tc,3172,0,0
eYGR100W,ca,3173,0,0
eYGR100W,a-,3174,0,0
eYGR100W,--,3175,0,0
eYGR100W,--,3176,0,0
eYGR100W,--,3177,0,0
eYGR100W,--,3178,0,0
eYGR100W,--,3179,0,0
eYGR100W,--,3180,0,0
eYGR100W,--,3181,0,0
eYGR100W,--,3182,0,0
eYGR100W,--,3183,0,0
eYGR100W,--,3184,0,0
eYGR100W,--,3185,0,0
eYGR100W,--,3186,0,0
eYGR100W,--,3187,0,0
eYGR100W,-a,3188,0,0
eYGR100W,aa,3189,0,0
eYGR100W,aa,3190,0,0
eYGR100W,ac,3191,0,0
eYGR100W,ca,3192,0,0
eYGR100W,at,3193,0,0
eYGR100W,tc,3194,0,0
eYGR100W,ct,3195,0,0
eYGR100W,tg,3196,0,0
eYGR100W,gt,3197,0,0
eYGR100W,ta,3198,0,0
eYGR100W,ac,3199,0,0
eYGR100W,cc,3200,0,0
eYGR100W,ct,3201,0,0
eYGR100W,tg,3202,0,0
eYGR100W,gt,3203,0,0
eYGR100W,tt,3204,0,0
eYGR100W,tt,3205,0,0
eYGR100W,ta,3206,0,0
eYGR100W,at,3207,0,0
eYGR100W,ta,3208,0,0
eYGR100W,at,3209,0,0
eYGR100W,ta,3210,0,0
eYGR100W,aa,3211,0,0
eYGR100W,aa,3212,0,0
eYGR100W,at,3213,0,0
eYGR100W,ta,3214,0,0
eYGR100W,at,3215,0,0
eYGR100W,tc,3216,0,0
eYGR100W,ct,3217,0,0
eYGR100W,ta,3218,0,0
eYGR100W,aa,3219,0,0
eYGR100W,aa,3220,0,0
eYGR100W,aa,3221,0,0
eYGR100W,ac,3222,0,0
eYGR100W,ca,3223,0,0
eYGR100W,aa,3224,0,0
eYGR100W,at,3225,0,0
eYGR100W,ta,3226,0,0
eYGR100W,at,3227,0,0
eYGR100W,tt,3228,0,0
eYGR100W,tt,3229,0,0
eYGR100W,tg,3230,0,0
eYGR100W,gc,3231,0,0
eYGR100W,cc,3232,0,0
eYGR100W,ca,3233,0,0
eYGR100W,a-,3234,0,0
eYGR100W,--,3235,0,0
eYGR100W,--,3236,0,0
eYGR100W,-g,3237,0,0
eYGR100W,gg,3238,0,0
eYGR100W,ga,3239,0,0
eYGR100W,at,3240,0,0
eYGR100W,tt,3241,0,0
eYGR100W,tg,3242,0,0
eYGR100W,gg,3243,0,0
eYGR100W,gg,3244,0,0
eYGR100W,g-,3245,0,0
eYGR100W,-g,3246,0,0
eYGR100W,ga,3247,0,0
eYGR100W,aa,3248,0,0
eYGR100W,ac,3249,0,0
eYGR100W,ca,3250,0,0
eYGR100W,at,3251,0,0
eYGR100W,tc,3252,0,0
eYGR100W,ct,3253,0,0
eYGR100W,t-,3254,0,0
eYGR100W,-t,3255,0,0
eYGR100W,tc,3256,0,0
eYGR100W,ca,3257,0,0
eYGR100W,at,3258,0,0
eYGR100W,ta,3259,0,0
eYGR100W,at,3260,0,0
eYGR100W,ta,3261,0,0
eYGR100W,aa,3262,0,0
eYGR100W,ac,3263,0,0
eYGR100W,ct,3264,0,0
eYGR100W,tc,3265,0,0
eYGR100W,ct,3266,0,0
eYGR100W,tc,3267,0,0
eYGR100W,ca,3268,0,0
eYGR100W,at,3269,0,0
eYGR100W,tg,3270,0,0
eYGR100W,ga,3271,0,0
eYGR100W,aa,3272,0,0
eYGR100W,at,3273,0,0
eYGR100W,tg,3274,0,0
eYGR100W,gc,3275,0,0
eYGR100W,cg,3276,0,0
eYGR100W,gg,3277,0,0
eYGR100W,ga,3278,0,0
eYGR100W,at,3279,0,0
eYGR100W,tt,3280,0,0
eYGR100W,tc,3281,0,0
eYGR100W,ct,3282,0,0
eYGR100W,tc,3283,0,0
eYGR100W,cg,3284,0,0
eYGR100W,gg,3285,0,0
eYGR100W,ga,3286,0,0
eYGR100W,ag,3287,0,0
eYGR100W,gc,3288,0,0
eYGR100W,cg,3289,0,0
eYGR100W,ga,3290,0,0
eYGR100W,aa,3291,0,0
eYGR100W,aa,3292,0,0
eYGR100W,aa,3293,0,0
eYGR100W,aa,3294,0,0
eYGR100W,a-,3295,0,0
eYGR100W,-g,3296,0,0
eYGR100W,gc,3297,0,0
eYGR100W,cc,3298,0,0
eYGR100W,ct,3299,0,0
eYGR100W,tg,3300,0,0
eYGR100W,ga,3301,0,0
eYGR100W,ag,3302,0,0
eYGR100W,gc,3303,0,0
eYGR100W,ct,3304,0,0
eYGR100W,tc,3305,0,0
eYGR100W,ct,3306,0,0
eYGR100W,ta,3307,0,0
eYGR100W,ag,3308,0,0
eYGR100W,gt,3309,0,0
eYGR100W,tc,3310,0,0
eYGR100W,ct,3311,0,0
eYGR100W,tg,3312,0,0
eYGR100W,gg,3313,0,0
eYGR100W,gc,3314,0,0
eYGR100W,cc,3315,0,0
eYGR100W,ct,3316,0,0
eYGR100W,tg,3317,0,0
eYGR100W,gt,3318,0,0
eYGR100W,ta,3319,0,0
eYGR100W,at,3320,0,0
eYGR100W,ta,3321,0,0
eYGR100W,aa,3322,0,0
eYGR100W,at,3323,0,0
eYGR100W,ta,3324,0,0
eYGR100W,aa,3325,0,0
eYGR100W,ag,3326,0,0
eYGR100W,gc,3327,0,0
eYGR100W,cg,3328,0,0
eYGR100W,gg,3329,0,0
eYGR100W,gt,3330,0,0
eYGR100W,tg,3331,0,0
eYGR100W,ga,3332,0,0
eYGR100W,aa,3333,0,0
eYGR100W,aa,3334,0,0
eYGR100W,at,3335,0,0
eYGR100W,ta,3336,0,0
eYGR100W,aa,3337,0,0
eYGR100W,aa,3338,0,0
eYGR100W,aa,3339,0,0
eYGR100W,aa,3340,0,0
eYGR100W,aa,3341,0,0
eYGR100W,ag,3342,0,0
eYGR100W,gg,3343,0,0
eYGR100W,gt,3344,0,0
eYGR100W,tg,3345,0,0
eYGR100W,gg,3346,0,0
eYGR100W,gc,3347,0,0
eYGR100W,ca,3348,0,0
eYGR100W,aa,3349,0,0
eYGR100W,ac,3350,0,0
eYGR100W,cc,3351,0,0
eYGR100W,ca,3352,0,0
eYGR100W,ac,3353,0,0
eYGR100W,ca,3354,0,0
eYGR100W,aa,3355,0,0
eYGR100W,ac,3356,0,0
eYGR100W,cc,3357,0,0
eYGR100W,cg,3358,0,0
eYGR100W,gg,3359,0,0
eYGR100W,ga,3360,0,0
eYGR100W,aa,3361,0,0
eYGR100W,aa,3362,0,0
eYGR100W,ag,3363,0,0
eYGR100W,gg,3364,0,0
eYGR100W,gg,3365,0,0
eYGR100W,gt,3366,0,0
eYGR100W,ta,3367,0,0
eYGR100W,ac,3368,0,0
eYGR100W,cg,3369,0,0
eYGR100W,gg,3370,0,0
eYGR100W,gc,3371,0,0
eYGR100W,ct,3372,0,0
eYGR100W,tt,3373,0,0
eYGR100W,tc,3374,0,0
eYGR100W,ct,3375,0,0
eYGR100W,tg,3376,0,0
eYGR100W,gc,3377,0,0
eYGR100W,ca,3378,0,0
eYGR100W,aa,3379,0,0
eYGR100W,ac,3380,0,0
eYGR100W,ct,3381,0,0
eYGR100W,tg,3382,0,0
eYGR100W,ga,3383,0,0
eYGR100W,ac,3384,0,0
eYGR100W,ca,3385,0,0
eYGR100W,at,3386,0,0
eYGR100W,ta,3387,0,0
eYGR100W,at,3388,0,0
eYGR100W,ta,3389,0,0
eYGR100W,ac,3390,0,0
eYGR100W,ca,3391,0,0
eYGR100W,ag,3392,0,0
eYGR100W,ga,3393,0,0
eYGR100W,ac,3394,0,0
eYGR100W,cg,3395,0,0
eYGR100W,ga,3396,0,0
eYGR100W,ac,3397,0,0
eYGR100W,ca,3398,0,0
eYGR100W,ag,3399,0,0
eYGR100W,ga,3400,0,0
eYGR100W,aa,3401,0,0
eYGR100W,ag,3402,0,0
eYGR100W,ga,3403,0,0
eYGR100W,at,3404,0,0
eYGR100W,ta,3405,0,0
eYGR100W,ag,3406,0,0
eYGR100W,gt,3407,0,0
eYGR100W,ta,3408,0,0
eYGR100W,at,3409,0,0
eYGR100W,tt,3410,0,0
eYGR100W,tt,3411,0,0
eYGR100W,tt,3412,0,0
eYGR100W,ta,3413,0,0
eYGR100W,ac,3414,0,0
eYGR100W,cc,3415,0,0
eYGR100W,cc,3416,0,0
eYGR100W,ca,3417,0,0
eYGR100W,ac,3418,0,0
eYGR100W,cg,3419,0,0
eYGR100W,gt,3420,0,0
eYGR100W,tg,3421,0,0
eYGR100W,gt,3422,0,0
eYGR100W,tg,3423,0,0
eYGR100W,ga,3424,0,0
eYGR100W,aa,3425,0,0
eYGR100W,ac,3426,0,0
